Point,Point,Accepted,Rejected,Residual,3-d,3-d,3-d,Sigma,Sigma,Sigma,Correction,Correction,Correction,Coordinate,Coordinate,Coordinate
ID,,,,,Latitude,Longitude,Radius,Latitude,Longitude,Radius,Latitude,Longitude,Radius,X,Y,Z
Label,Status,Measures,Measures,RMS,(dd),(dd),(km),(m),(m),(m),(m),(m),(m),(km),(km),(km)
AS15_000031172,FREE,2,0,  0.11,     23.99493444,      7.68675700,   1733.61252958,     88.98886948,     78.32217323,     83.47584205,    797.46381210,  -1099.04667889,  -1268.82038557,   1569.56441831,    211.84403559,    704.98371903
AS15_000031213,FREE,2,0,  0.36,     25.73284547,      8.46507248,   1733.65089344,     89.69364892,     82.60270056,     82.45679201,    842.95502937,   -920.15306150,  -1232.87736624,   1544.70800701,    229.89555919,    752.70885824
AS15_000031311,FREE,2,0,  0.20,     24.81972084,      7.95880344,   1733.58414845,     86.50478826,     77.59164191,     80.55052453,    773.08775280,   -997.26199680,  -1307.03444260,   1558.30253332,    217.86267950,    727.69709859
AS15_000031415,FREE,2,0,  0.13,     24.52192035,      7.63843439,   1733.62800843,     84.70563491,     74.59218509,     80.08425454,    772.83709045,  -1048.68158228,  -1246.04422049,   1563.26352927,    209.65130056,    719.52730445
AS15_000031417,FREE,2,0,  0.14,     24.55074243,      7.71558300,   1733.63088716,     85.33153008,     75.47001638,     80.32846429,    777.56639660,  -1047.25085435,  -1244.56112499,   1562.62353995,    211.70777086,    720.32183436
AS15_000031448,FREE,2,0,  0.39,     25.87956405,      8.44407758,   1733.66701538,     89.40855662,     82.11102295,     82.48535470,    858.44640576,   -905.00509407,  -1218.27858225,   1542.89484524,    229.04785599,    756.71255864
AS15_000031491,FREE,2,0,  0.70,     23.47478146,      6.40065519,   1734.91071284,     81.87635245,     69.28888067,     81.69582585,    708.90941222,  -1204.57310125,  -1240.48881927,   1581.40241015,    177.40101268,    691.09368353
AS15_000031493,FREE,3,1,  0.73,     24.02699328,      6.09141180,   1735.29162920,     73.69703659,     60.62840617,     76.72219248,    811.77122229,  -1193.34652416,   -901.63183137,   1575.98632528,    168.18542889,    706.55346749
AS15_000031532,FREE,2,0,  0.10,     23.77960748,      7.63478903,   1733.53063186,     90.37031841,     79.14705492,     84.88108752,    785.65318446,  -1102.85347267,  -1322.41464726,   1572.29650335,    210.76089106,    698.99356504
AS15_000031538,FREE,2,0,  0.20,     24.05520695,      7.23889335,   1734.02395923,     83.91589295,     72.27573452,     80.83555252,    651.84942662,  -1038.33799101,  -1464.04715917,   1570.80850658,    199.52266409,    706.81711450
AS15_000031543,FREE,2,0,  0.61,     24.43215398,      6.56525168,   1735.18983118,     74.30035670,     62.08263132,     75.38398873,    776.58340334,  -1104.23317463,  -1001.40594027,   1569.44659339,    180.62666531,    717.70129476
AS15_000031579,FREE,2,0,  0.03,     25.13045896,      7.12892914,   1735.11845547,     75.91871278,     64.98814552,     74.77514062,    779.24372389,  -1021.56060072,  -1146.23934671,   1558.73380976,    194.94983815,    736.87144429
AS15_000031626,FREE,2,0,  0.28,     27.41489484,      8.02125665,   1733.93331458,     90.24570068,     77.89241852,     87.33291622,   1099.96193440,   -848.76588329,   -910.07683461,   1524.14616400,    214.78142902,    798.35590306
AS15_000031631,FREE,2,0,  0.47,     23.76794832,      6.71470441,   1734.80194093,     81.43167579,     68.46570651,     80.71632497,    773.62738368,  -1121.67414443,  -1139.69110542,   1576.77487180,    185.63873764,    699.18312122
AS15_000031657,FREE,2,0,  0.12,     27.76066770,      6.79220680,   1734.62537013,     81.31565888,     63.82411408,     84.50667374,   1352.84298379,   -976.73940679,   -855.08355172,   1524.19856623,    181.53941401,    807.95256455
AS15_000031694,FREE,2,0,  0.13,     26.63952943,      7.19894860,   1735.75372401,     76.72783440,     64.21318638,     77.09454439,    968.63164272,   -960.34718470,   -885.61404392,   1539.26453943,    194.42563574,    778.27009464
AS15_000031737,FREE,2,0,  0.05,     25.84470624,      7.18938350,   1735.49006907,     75.09958820,     63.93165812,     74.55603414,    849.11007464,  -1013.10493209,   -908.79455636,   1549.62460485,    195.47140319,    756.55818973
AS15_000031738,FREE,2,0,  0.23,     25.77981784,      7.24399180,   1735.31029309,     75.74467092,     64.75766155,     74.82228762,    841.12448163,  -1025.93816818,   -871.75856412,   1550.12598879,    197.03575390,    754.71063586
AS15_000031785,FREE,2,0,  0.10,     27.87554408,      7.30739144,   1734.19568137,     87.14201080,     70.48814204,     87.82390395,   1211.11059242,   -922.87331722,   -698.64577564,   1520.51806189,    194.98223277,    810.82761030
AS15_000031813,FREE,2,0,  0.26,     26.95448293,      7.64268849,   1734.26523640,     83.32405503,     71.08161148,     81.83890684,    976.84544295,   -947.28225465,   -804.57017267,   1532.13427793,    205.59232146,    786.11211792
AS15_000031832,FREE,2,0,  0.06,     24.77328040,      5.35717928,   1735.92943385,     61.53998475,     48.97982919,     61.77317292,    783.68981096,  -1211.07135620,   -679.82434490,   1569.29232668,    147.15857347,    727.40425280
AS15_000031841,FREE,2,0,  0.01,     24.64027950,      5.04166555,   1735.97831362,     61.06630656,     49.91944108,     71.08406856,    808.41257993,  -1175.30373012,   -596.35564658,   1571.80091343,    138.66659886,    723.76388985
AS15_000031862,FREE,3,1,  0.04,     25.69103645,      5.19656823,   1736.83015189,     57.16559117,     43.70095965,     57.97003590,    830.81763048,  -1208.42553472,   -791.53967988,   1558.70257213,    141.75891428,    752.94732776
AS15_000031899,FREE,3,0,  0.23,     24.82923291,      5.28209324,   1735.90454213,     60.53325940,     47.91580632,     59.29459978,    734.03218845,  -1225.14131047,   -819.87570726,   1568.75325291,    145.03434881,    728.93267764
AS15_000031901,FREE,2,0,  0.10,     23.45028797,      4.95209985,   1736.49585615,     67.96668979,     57.47338899,     70.45935206,    763.18794804,  -1288.39444162,   -822.82278380,   1587.12460049,    137.51849091,    691.04415605
AS15_000031912,FREE,2,0,  0.45,     26.21340544,      6.04959969,   1736.55854810,     63.94156337,     50.78377919,     61.75331810,    883.66414733,  -1115.50161887,   -683.13615467,   1549.28602711,    164.19264540,    767.06529865
AS15_000031925,FREE,2,0,  0.11,     25.49125313,      7.07135606,   1735.68042726,     74.17135616,     65.98472423,     72.89406895,    816.69828640,  -1191.39729143,   -763.43917081,   1554.79662575,    192.87085589,    746.99051604
AS15_000031957,FREE,3,1,  0.11,     24.24435620,      6.17540365,   1735.47570235,     72.34627623,     59.63356491,     75.27572713,    683.69599894,  -1154.37748556,  -1142.55203161,   1573.22871791,    170.22402554,    712.63672072
AS15_000031964,FREE,3,0,  0.21,     25.72044142,      6.01767786,   1736.57123758,     63.47810070,     50.81516966,     58.64460966,    811.68746162,  -1113.39602518,   -819.05496337,   1555.89455050,    164.01647643,    753.63811367
AS15_000031966,FREE,2,0,  0.05,     25.62725692,      5.50093047,   1736.77128835,     59.43975192,     46.21136064,     59.35781898,    822.29971148,  -1180.03445995,   -608.33620001,   1558.70804176,    150.11206141,    751.17915148
AS15_000031967,FREE,2,0,  0.48,     26.21648949,      5.24310053,   1736.96613919,     57.48692392,     43.52631396,     59.90670916,    890.65606020,  -1199.15330085,   -490.49226159,   1551.76667003,    142.39888932,    767.32921671
AS15_000031968,FREE,2,0,  0.48,     23.94945212,      5.02856635,   1736.31013217,     64.84266766,     53.08177585,     67.34322997,    673.43325639,  -1277.64737695,   -921.28773285,   1580.71318252,    139.08865785,    704.82129290
AS15_000031971,FREE,3,1,  0.28,     25.67096184,      5.05442214,   1736.94335817,     56.18463582,     42.63928397,     58.74402928,    838.66113457,  -1218.38316373,   -572.08946557,   1559.41378990,    137.92369247,    752.44794931
AS15_000031977,FREE,2,0,  0.14,     25.67737566,      7.76834099,   1734.29817531,     81.75368244,     72.22930236,     77.88212908,    835.69720328,  -1040.78657166,   -915.30604805,   1548.68863508,    211.27222893,    751.47702410
AS15_000031982,FREE,2,0,  0.07,     24.14201906,      6.38020293,   1734.85573070,     75.17332361,     63.69902945,     75.93780013,    757.91021390,  -1195.23395257,  -1052.03646336,   1573.31043715,    175.92460625,    709.55564096
AS15_000031985,FREE,4,2,  0.08,     24.93161490,      5.54823472,   1735.69351234,     62.26756973,     49.92582753,     60.69102530,    785.03185344,  -1210.38326596,   -700.33101976,   1566.57324005,    152.17500897,    731.65771984
AS15_000031986,FREE,2,0,  0.05,     25.51356774,      5.99481985,   1736.33241827,     63.80088085,     51.85970628,     68.21534751,    802.69455007,  -1113.17182156,   -845.73128294,   1558.44158596,    163.65635630,    747.88146583
AS15_000031987,FREE,2,0,  0.06,     25.95302603,      5.75566673,   1736.85708238,     61.29872977,     48.51402209,     69.19490483,    884.10271435,  -1151.85230617,   -735.00586119,   1553.82735457,    156.61742535,    760.10792580
AS15_000031990,FREE,2,0,  0.01,     24.83408430,      5.20952094,   1735.89444799,     60.81663466,     47.46087180,     68.72903687,    753.70309583,  -1219.28547327,   -778.03915797,   1568.86510434,    143.04077351,    729.06183281
AS15_000032006,FREE,2,0,  0.02,     24.39970932,      6.79946795,   1734.86250508,     75.74545848,     64.96149938,     68.25225819,    786.71435844,  -1182.25921943,  -1008.85776916,   1568.80241387,    187.05358712,    716.67137050
AS15_000032013,FREE,2,0,  0.13,     25.80405975,      7.94454831,   1734.40917371,     83.55530576,     74.53174564,     78.90261214,    840.19868383,  -1011.68620773,   -966.48235798,   1546.48114537,    215.81768852,    754.97945281
AS15_000032063,FREE,3,1,  0.06,     26.52124125,      6.66778665,   1736.38310535,     70.13463769,     57.68294375,     65.33406199,    924.94780697,  -1028.08156744,   -759.06085714,   1543.15273894,    180.39926361,    775.34638615
AS15_000032071,FREE,4,2,  0.40,     23.73694067,      5.69687616,   1735.49948445,     70.92730377,     60.01392946,     69.82968093,    742.77002746,  -1241.89686486,   -984.69425853,   1580.83534724,    157.70129707,    698.60458512
AS15_000032072,FREE,3,1,  0.19,     24.04677192,      5.65105667,   1735.76705289,     70.13298096,     59.55578889,     73.75775122,    756.45336186,  -1262.15501951,   -893.13051138,   1577.42162109,    156.08683195,    707.29427545
AS15_000032074,FREE,4,2,  0.04,     25.04142550,      5.60722528,   1735.64255826,     62.29466846,     49.90376529,     60.40711937,    758.09524279,  -1182.47568673,   -851.69978491,   1564.97136020,    153.64603390,    734.65136499
AS15_000032076,FREE,2,0,  0.14,     26.23151688,      5.72882372,   1736.69978130,     61.48235813,     48.04894948,     68.22268609,    888.26885203,  -1117.95427001,   -639.02866495,   1550.06570677,    155.50472436,    767.62016373
AS15_000032081,FREE,3,1,  0.35,     26.29211818,      4.83150918,   1737.47599106,     55.04528649,     40.50578056,     66.68996441,    916.15797215,  -1234.63856615,   -427.18381663,   1552.19443978,    131.20107977,    769.61127674
AS15_000032101,FREE,3,1,  0.03,     25.42198935,      4.93875211,   1736.25186401,     56.24651561,     42.78750735,     59.16159438,    808.67907945,  -1242.69063417,   -431.98023693,   1562.30964154,    135.00168247,    745.34130771
AS15_000032103,FREE,2,0,  0.15,     27.92080250,      5.48585092,   1735.59071959,     71.11009041,     55.78799134,     79.79229847,   1225.92343344,   -986.29249631,   -448.49549695,   1526.53650436,    146.60828584,    812.69148963
AS15_000032108,FREE,3,1,  0.15,     23.40754444,      4.95553127,   1736.47875550,     68.98936324,     57.89342346,     72.00215640,    771.38736533,  -1309.84844820,   -831.53409969,   1587.61388786,    137.65668164,    689.84871484
AS15_000032110,FREE,2,0,  0.70,     24.27282151,      5.31481176,   1735.88380549,     63.91985012,     52.28233885,     62.94329874,    801.48022991,  -1284.58576339,   -684.51407694,   1575.62566030,    146.57720953,    713.59055937
AS15_000032114,FREE,2,0,  0.08,     25.59858738,      4.92647949,   1736.89561531,     55.49995920,     44.89644115,     68.00697112,    847.34577354,  -1289.36952406,   -667.34742855,   1560.62070639,    134.51896787,    750.44922318
AS15_000032116,FREE,2,0,  0.00,     24.32841681,      4.51192600,   1736.25291466,     61.44908701,     51.42010896,     71.83922839,    698.73080585,  -1318.54415263,   -706.27292847,   1577.16916478,    124.45622861,    715.27774778
AS15_000032128,FREE,2,0,  0.09,     25.96785022,      6.09740814,   1736.52862542,     64.27299536,     52.21461192,     68.64781351,    856.22163803,  -1075.48142005,   -818.56418487,   1552.37634634,    165.83014671,    760.36814023
AS15_000032134,FREE,2,0,  0.49,     23.57121616,      3.90323332,   1736.92772450,     67.66725515,     53.88332254,     77.68595276,    569.13612286,  -1328.33591285,   -847.88421461,   1588.31221580,    108.37031256,    694.57764190
AS15_000032170,FREE,3,1,  0.03,     24.65122283,      3.97705799,   1737.12949494,     54.74565754,     42.11712747,     60.90991731,    723.45758264,  -1318.23066644,   -544.12114826,   1575.01180657,    109.50183209,    724.54540241
AS15_000032176,FREE,2,0,  0.19,     24.37400556,      6.60959578,   1735.14125384,     75.19511695,     64.78955129,     75.02303495,    749.29699129,  -1161.74334804,  -1084.72307468,   1569.98510579,    181.91993777,    716.07756187
AS15_000032189,FREE,3,0,  0.17,     24.92971344,      4.03904351,   1737.07515318,     53.19472745,     40.16439422,     57.69351764,    711.32414260,  -1292.41877717,   -624.50223812,   1571.31171179,    110.95285688,    732.18785549
AS15_000032195,FREE,2,0,  0.31,     25.44344339,      8.06484934,   1733.65379209,     85.57394119,     77.09400077,     79.88786748,    819.10794305,   -954.50818494,  -1226.39254117,   1550.02337368,    219.63088588,    744.81224872
AS15_000032198,FREE,2,0,  0.16,     25.70158649,      6.98642772,   1736.02835892,     72.86093805,     61.55310775,     64.61132259,    815.88712996,  -1053.75229920,   -947.83234745,   1552.65966658,    190.26930579,    752.88778315
AS15_000032200,FREE,2,0,  0.25,     26.07320933,      7.13392990,   1736.00976450,     74.45572922,     62.93405444,     74.46243442,    849.69423850,  -1030.69473969,   -729.21226765,   1547.27004697,    193.65323189,    763.00965261
AS15_000032202,FREE,2,0,  0.03,     25.32906214,      6.57134886,   1736.09872587,     69.50492919,     59.46973299,     70.51421074,    781.52793088,  -1074.33292751,   -984.74076897,   1558.89056736,    179.57986856,    742.73148297
AS15_000032205,FREE,3,1,  0.05,     24.01823081,      3.99032708,   1737.70191874,     61.31777328,     47.43990497,     71.73666613,    734.79935524,  -1323.18873443,   -575.64063685,   1583.39694478,    110.45328049,    707.29212246
AS15_000032244,FREE,2,0,  0.57,     27.88892215,      4.50343882,   1735.14028640,     61.61554597,     47.23567726,     70.56592865,   1289.79078525,  -1160.58482368,   -298.17040766,   1528.87945559,    120.41775276,    811.62737052
AS15_000032246,FREE,3,1,  0.02,     24.25535004,      4.09795370,   1737.13021751,     60.08970628,     48.48583176,     71.44036294,    667.79883680,  -1315.71714943,   -711.23845466,   1579.73356847,    113.18000071,    713.62001981
AS15_000032247,FREE,2,0,  0.19,     24.07278825,      3.93778102,   1737.80518702,     58.12243293,     46.89988140,     63.58483446,    802.67325634,  -1354.60251772,   -430.09926878,   1582.91902371,    108.96127321,    708.84530987
AS15_000032258,FREE,2,0,  0.03,     27.58693400,      3.43824964,   1735.38131051,     56.26904910,     42.27195943,     68.02703894,   1153.52016388,  -1350.79439104,     20.35906660,   1535.31590458,     92.24318001,    803.64454939
AS15_000032265,FREE,3,1,  0.03,     26.70939317,      5.24881847,   1735.48718555,     60.29389496,     44.71166305,     70.25693971,    967.77967762,  -1142.12926128,   -515.17088301,   1543.80601173,    141.82374003,    780.04153485
AS15_000032274,FREE,3,1,  0.08,     27.94181795,      3.91621757,   1735.23003918,     64.53773478,     47.98495522,     79.75297464,   1275.65765051,  -1241.90292410,   -123.53809492,   1529.36419532,    104.69649797,    813.08492191
AS15_000032276,FREE,2,0,  0.35,     26.57475002,      3.43100138,   1735.34817294,     51.81967146,     37.76300000,     69.51265820,    925.20309997,  -1268.01924067,   -175.35797885,   1549.22936229,     92.88242053,    776.33402626
AS15_000032277,FREE,2,0,  0.17,     26.81090499,      3.59403951,   1735.37780171,     52.44393297,     37.74495634,     62.93998371,   1020.38369329,  -1363.81865481,   -142.55578233,   1545.77852363,     97.09069845,    782.73767434
AS15_000032278,FREE,3,0,  0.21,     26.72735642,      3.38192888,   1735.44200431,     51.38857677,     36.86600957,     61.04633465,    983.87126687,  -1346.38968132,   -118.71513033,   1547.32236038,     91.43814725,    780.50722523
AS15_000032279,FREE,2,0,  0.09,     24.63810520,      6.72452547,   1735.11500194,     73.72266677,     62.69417431,     66.44329254,    776.43756847,  -1154.70779984,   -983.50781130,   1566.29868634,    184.67754859,    723.34410771
AS15_000032290,FREE,2,0,  0.50,     27.54423446,      5.69465845,   1735.03821382,     69.56346036,     52.53348602,     77.43029893,   1098.03482764,  -1104.48927176,   -385.39205014,   1530.78654626,    152.64867790,    802.33941343
AS15_000032291,FREE,3,1,  0.10,     24.17545385,      5.09953327,   1735.92648467,     63.51756452,     51.61279337,     64.70986349,    693.04913779,  -1252.01247137,   -884.07301440,   1577.40964578,    140.76710849,    710.91785092
AS15_000032303,FREE,2,0,  0.40,     23.52809268,      7.76395893,   1734.05012559,     93.82824247,     82.49568761,     87.33421721,   1011.05557335,  -1235.66981690,  -1043.98066667,   1575.31443200,    214.78179915,    692.23049423
AS15_000032304,FREE,2,0,  0.14,     24.66926422,      8.27773712,   1733.51413381,     90.76600981,     82.85172156,     83.03650228,    776.67271431,  -1008.34293085,  -1352.20197654,   1558.88834273,    226.79863612,    723.53352768
AS15_000032313,FREE,2,0,  0.04,     24.55988514,      6.46479257,   1735.33957801,     72.51963099,     61.83078882,     73.28472223,    742.49016472,  -1142.82320685,  -1056.03897541,   1568.30249596,    177.70935764,    721.28365875
AS15_000032315,FREE,2,0,  0.49,     23.51833524,      5.35051526,   1735.85557398,     73.72990128,     59.22931697,     78.55677624,    925.12558396,  -1275.80816957,   -681.66536215,   1584.72718231,    148.42002200,    692.68017760
AS15_000032317,FREE,3,1,  0.10,     24.74944884,      5.84554536,   1735.54950847,     65.41748118,     53.71071317,     62.35066170,    756.52289910,  -1176.15071363,   -888.39199143,   1567.93862907,    160.52474013,    726.58953999
AS15_000032323,FREE,2,0,  0.37,     26.58059305,      7.95257568,   1734.69727064,     84.75415684,     74.61653246,     81.14721489,    916.56361252,   -939.69975004,   -913.47673745,   1536.43046502,    214.63453217,    776.20104645
AS15_000032331,FREE,3,1,  0.71,     25.08663152,      5.47793511,   1735.84103603,     61.07740325,     48.48017387,     59.88268005,    801.38092446,  -1203.05813320,   -657.81962133,   1564.91554233,    150.07600626,    735.97597791
AS15_000032368,FREE,3,1,  0.10,     27.56826191,      3.56519461,   1735.35246324,     56.33145675,     42.16381244,     67.63695235,   1121.66105260,  -1300.65671146,     12.60633633,   1535.34355011,     95.65929951,    803.12991055
AS15_000032369,FREE,2,0,  0.11,     27.94906455,      3.77452924,   1735.28006239,     65.38660638,     47.82970408,     80.82415059,   1301.93925774,  -1413.16354109,    -31.48758250,   1529.55989271,    100.91031252,    813.30224293
AS15_000032371,FREE,2,0,  0.11,     28.08840132,      3.65466104,   1735.48160171,     60.51216864,     46.69597861,     73.16984312,   1292.13380306,  -1300.66265349,     10.19489925,   1527.96674286,     97.59508080,    817.12252619
AS15_000032376,FREE,2,0,  0.21,     26.35419997,      3.22801515,   1735.33538657,     50.78507130,     36.88186034,     68.96221374,    890.48331113,  -1307.03133780,   -144.97630162,   1552.50939432,     87.56025410,    770.34841878
AS15_000032379,FREE,2,0,  1.07,     28.38529504,      3.29845248,   1735.62681367,     62.74453750,     49.55014734,     77.27620526,   1366.11771062,  -1365.09948119,    148.66463506,   1524.42387012,     87.85641687,    825.11426515
AS15_000032381,FREE,2,0,  0.10,     27.73000499,      3.51297524,   1735.33041095,     57.43759463,     43.44657471,     69.39727141,   1201.66936737,  -1334.85618088,     -4.03170043,   1533.14156354,     94.11945501,    807.45904508
AS15_000032384,FREE,2,0,  0.01,     25.97795845,      5.85280905,   1736.66509841,     62.11626459,     53.00570174,     67.36330981,    818.71169951,  -1116.29779396,   -699.75776866,   1553.05871123,    159.20029754,    760.70333822
AS15_000032386,FREE,3,1,  0.30,     27.30755810,      5.66105588,   1735.85874549,     66.91633351,     50.71152971,     74.83423333,   1348.61923026,   -886.91617740,  -1078.36437085,   1534.88639520,    152.14843979,    796.35431209
AS15_000032389,FREE,2,0,  0.06,     25.08725630,      5.09891428,   1736.01302627,     58.75246028,     46.99266320,     66.67980972,    763.40729330,  -1250.19776920,   -636.22754079,   1566.02122669,    139.73375948,    736.06604419
AS15_000032395,FREE,3,1,  1.45,     24.99054212,      4.94991780,   1736.31873958,     57.65660744,     44.71692781,     58.04100072,    801.51718715,  -1176.29609614,   -508.42632891,   1567.89096369,    135.79180769,    733.54023500
AS15_000032402,FREE,3,0,  0.15,     27.69067053,      4.33771525,   1735.44722811,     59.86416265,     44.58178481,     69.69201520,   1182.17427629,  -1248.79751521,   -170.67312073,   1532.28351050,    116.22736235,    806.45863206
AS15_000032420,FREE,4,1,  0.18,     24.92698678,      5.43013291,   1735.42971798,     61.34272206,     48.60740013,     59.09417486,    761.90561549,  -1210.50281268,   -788.69186249,   1566.70426764,    148.92851913,    731.41940090
AS15_000032423,FREE,2,0,  0.08,     26.75615708,      5.15831600,   1735.45197235,     60.40728722,     46.41650699,     72.67648512,   1044.81849353,  -1257.59147195,   -496.18816697,   1543.36219671,    139.32490650,    781.29075798
AS15_000032428,FREE,2,0,  0.03,     27.38664238,      4.46688751,   1735.45144251,     60.51833700,     47.80456861,     74.56323173,    977.25091904,  -1179.00209615,   -113.81380320,   1536.26603347,    120.01345840,    798.29515439
AS15_000032429,FREE,4,2,  0.38,     27.89735883,      4.64819852,   1735.28761607,     66.41360927,     48.54324245,     78.56213000,    756.64060319,  -1317.47680483,    467.84411480,   1528.58098263,    124.28099487,    811.92211715
AS15_000032469,FREE,2,0,  0.73,     23.76264768,      3.02931630,   1735.82472622,     64.96811501,     54.87428597,     79.52199888,    719.18495156,  -1438.70448347,   -469.62751080,   1586.44597636,     83.95609225,    699.44836753
AS15_000032482,FREE,2,0,  0.08,     27.24567135,      5.75640642,   1736.64929485,     66.41804903,     54.48318919,     73.57538579,   1041.99320259,   -990.30748369,   -576.04409267,   1536.18529370,    154.85923450,    795.04976840
AS15_000032505,FREE,2,0,  0.60,     23.96159747,      2.61510402,   1735.98509619,     62.19598332,     50.07456321,     76.19254355,    662.42580866,  -1495.50492779,   -420.91855599,   1584.72211230,     72.38043272,    705.02564061
AS15_000032509,FREE,3,1,  0.30,     27.20203132,      2.70241513,   1735.95874383,     55.57574317,     40.65511465,     74.39881662,   1059.36892409,  -1391.51761766,    120.77777871,   1542.24493886,     72.79557853,    793.55788232
AS15_000032529,FREE,2,0,  0.30,     24.08128165,      2.29073372,   1735.73261860,     62.01436482,     48.72782940,     76.80291099,    711.72627275,  -1475.85307306,   -235.12952403,   1583.40116790,     63.33947019,    708.23483131
AS15_000032540,FREE,2,0,  0.73,     26.34663568,      2.87106245,   1735.43282883,     50.79402457,     38.02238452,     69.29109301,    942.56497866,  -1454.67754677,   -136.01871019,   1553.21353503,     77.89595123,    770.18636626
AS15_000032588,FREE,2,0,  0.48,     27.41641189,      2.74356012,   1735.71490376,     55.27949858,     41.99098905,     69.04998802,   1080.11597069,  -1397.42348172,    181.60316810,   1538.99946268,     73.75006792,    799.21699711
AS15_000032593,FREE,2,0,  0.23,     26.97834295,      2.47463985,   1735.53111385,     54.50714158,     42.60906379,     73.57259978,   1054.13841655,  -1503.77349836,    100.45564811,   1545.22488149,     66.78074032,    787.33007404
AS15_000032609,FREE,2,0,  0.07,     25.90578910,      2.79271325,   1735.34998270,     50.19374890,     36.95338236,     60.97912309,    852.68724958,  -1420.16741234,   -100.68684026,   1559.11708049,     76.05478857,    758.16169840
AS15_000032611,FREE,3,1,  0.61,     27.69736335,      2.68879804,   1735.84831247,     57.38217458,     44.26915288,     71.81977282,   1296.33199899,  -1640.02021517,    125.28884040,   1535.25408472,     72.09992074,    806.82455384
AS15_000032612,FREE,3,0,  0.19,     27.05479127,      2.46213319,   1735.54639574,     53.41703338,     40.76807020,     67.07164592,   1057.01476024,  -1452.87328992,     91.62244626,   1544.20209872,     66.39883955,    789.40000265
AS15_000032614,FREE,3,0,  0.28,     25.36153635,      5.05057421,   1735.91590958,     57.13737071,     43.58954777,     58.44981028,    799.70279295,  -1229.42978881,   -560.39776599,   1562.52328044,    138.09295633,    743.54245248
AS15_000032617,FREE,3,0,  0.22,     27.18441071,      4.53692739,   1734.98456690,     57.51111038,     42.11051553,     65.06674083,   1085.02764628,  -1229.39965148,   -317.54997378,   1538.50344053,    122.08061163,    792.63795968
AS15_000032622,FREE,2,0,  0.64,     27.87586874,      3.76663577,   1735.31764707,     63.35122351,     46.69031422,     79.07352166,   1151.13548622,  -1177.22921733,    -11.74234593,   1530.64243927,    100.76994404,    811.36088008
AS15_000032623,FREE,2,0,  0.19,     26.44270764,      3.22081706,   1735.40288900,     51.04654142,     37.02704588,     69.25865665,    897.31236612,  -1310.01181064,    -98.90979927,   1551.39075918,     87.30164356,    772.77960797
AS15_000032624,FREE,3,0,  0.26,     27.76449626,      3.44452815,   1735.34633123,     58.07877937,     43.46525900,     71.09295334,   1178.01367390,  -1284.16990891,      9.60202241,   1532.78149024,     92.25948084,    808.39098257
AS15_000032625,FREE,2,0,  0.07,     24.14878327,      2.38441439,   1735.82124502,     60.72820748,     49.85257212,     75.64660908,    807.52521321,  -1419.96626184,    -84.39801135,   1582.54152383,     65.89690739,    710.13753428
AS15_000032626,FREE,2,0,  0.16,     25.72402253,      2.15188707,   1735.59222226,     51.62937929,     40.23117297,     70.80900065,    821.09510965,  -1450.38297512,      6.86457141,   1562.48392285,     58.71062018,    753.31096892
AS15_000032630,FREE,2,0,  0.48,     24.01893957,      5.72545741,   1735.66138405,     70.97628508,     60.61997818,     74.22967815,    684.84847679,  -1241.69279645,  -1035.27931130,   1577.46324849,    158.15967017,    706.48118055
AS15_000032638,FREE,2,0,  0.07,     24.52379635,      4.76489831,   1736.18746126,     60.33680816,     47.53338374,     68.84574733,    656.77810269,  -1237.38720419,   -872.30298851,   1574.10511101,    131.21018913,    720.64130217
AS15_000032641,FREE,3,0,  0.07,     23.77910927,      3.03733834,   1735.81597081,     60.98210563,     49.41440556,     70.03220337,    695.80982650,  -1440.92303980,   -468.02916287,   1586.22546420,     84.16713527,    699.90124629
AS15_000032653,FREE,2,0,  0.33,     24.43236822,      4.00620310,   1737.06100954,     56.05040346,     44.00529115,     60.80358824,    680.89091823,  -1323.95936175,   -672.80567357,   1577.64301289,    110.49118554,    718.48115679
AS15_000032661,FREE,3,0,  0.05,     24.00397431,      6.49043427,   1735.02797712,     75.27245853,     64.34879632,     70.03032221,    875.53610806,  -1219.53640673,   -853.91599470,   1574.81943937,    179.16168107,    705.80939835
AS15_000032663,FREE,3,1,  1.28,     24.55049058,      6.17177532,   1735.89157182,     82.53688142,     62.14929448,    177.16157650,   1136.67199675,  -2635.54680440,   -577.84527187,   1569.80754983,    169.75328022,    721.25420585
AS15_000032670,FREE,2,0,  0.52,     24.43375482,      4.86952751,   1736.17711489,     60.12619899,     48.00408412,     61.25524992,    802.67527937,  -1262.37995670,   -554.59533471,   1574.97996607,    134.17964969,    718.15381524
AS15_000032673,FREE,3,1,  0.03,     24.42730371,      4.24845279,   1737.04059811,     58.99008112,     48.19480401,     70.33067743,    713.93591605,  -1326.60897618,   -627.69428254,   1577.20654452,    117.16386667,    718.33291985
AS15_000032685,FREE,4,2,  0.00,     27.58609296,      2.63517846,   1735.98463048,    147.31880806,     56.99313496,    245.78163958,   1128.70179285,  -1509.48306828,    301.73977723,   1537.00390746,     70.74060109,    803.90135781
AS15_000032693,FREE,2,0,  0.19,     27.81662448,      2.33173019,   1736.00291223,     62.37264909,     48.95354958,     80.50298933,   1243.30906517,  -1538.66864316,    252.73310628,   1534.12887828,     62.46796521,    810.09409912
AS15_000032695,FREE,2,0,  0.23,     25.81453564,      2.10647222,   1735.52012430,     51.71857253,     43.81415151,     70.93084130,    866.66925537,  -1553.94412700,     -1.43584823,   1561.27391950,     57.42591745,    755.74871098
AS15_000032704,FREE,2,0,  0.33,     27.99529801,      1.93185048,   1736.41084975,     61.38758905,     50.41796103,     77.21328678,   1280.92264546,  -1541.50605036,    358.10747715,   1532.35523510,     51.68624171,    815.06969335
AS15_000032716,FREE,2,0,  0.26,     23.96928471,      3.20492613,   1736.92935432,     61.68231348,     47.78769268,     74.56635184,    963.51740276,  -1509.66986102,      2.65493545,   1584.66006938,     88.73292350,    705.62207641
AS15_000032722,FREE,3,1,  0.12,     26.25898064,      2.98222886,   1735.43496398,     50.23436486,     36.40466778,     61.17324893,    893.59863790,  -1381.44849250,    -89.76384380,   1554.23625924,     80.97068497,    767.80721073
AS15_000032726,FREE,2,0,  0.57,     25.69277193,      2.24962038,   1735.40304315,     51.45613761,     42.67563768,     70.37166438,    848.59033813,  -1526.03292339,    -33.79332630,   1562.62148530,     61.38519601,    752.37601874
AS15_000032728,FREE,2,0,  0.31,     25.68312515,      5.36423806,   1736.78874740,     58.36419482,     45.01413265,     56.94563102,    818.64187396,  -1188.52177347,   -648.19042159,   1558.34740162,    146.32590282,    752.71326488
AS15_000032734,FREE,2,0,  0.09,     27.12086561,      4.80922405,   1735.03645397,     60.12651188,     44.60219746,     71.87021681,   1127.92709094,  -1090.07238437,   -599.88264650,   1538.82695387,    129.46839577,    790.94945298
AS15_000032744,FREE,3,1,  0.31,     24.76206109,      2.15886454,   1735.21371248,     56.25560076,     44.29951706,     73.33316271,    830.30775425,  -1433.82723938,    115.71203472,   1574.55114869,     59.35606855,    726.79582089
AS15_000032772,FREE,2,0,  0.13,     23.76973178,      0.66930772,   1735.55550398,     73.41003860,     65.00016477,     87.11563628,    672.04600937,  -1647.18733452,     15.57943435,   1588.22468915,     18.55388670,    699.53627315
AS15_000032783,FREE,2,0,  0.32,     23.79429686,      5.19681681,   1736.10874671,     66.53311926,     55.59502567,     67.05513278,    729.11305617,  -1269.46935644,   -871.50750015,   1582.00941306,    143.88551575,    700.44040128
AS15_000032822,FREE,3,1,  0.09,     26.31934963,      3.59836368,   1735.26474366,     50.92567796,     36.17378639,     60.11112700,    894.86287408,  -1308.74879330,   -222.03964644,   1552.31515485,     97.61888327,    769.37113557
AS15_000032835,FREE,2,0,  0.08,     25.66270831,      0.74515156,   1735.74327311,     59.22519806,     54.87816506,     77.79749715,    834.17107633,  -1638.59921134,    289.46204442,   1564.39565541,     20.34665730,    751.70270520
AS15_000032870,FREE,2,0,  0.05,     27.09622183,      0.78709721,   1735.83109678,     62.53465349,     56.24429734,     81.75407478,   1068.49059637,  -1647.06883974,    493.95110057,   1545.16539771,     21.22794907,    790.64711752
AS15_000032877,FREE,2,0,  0.11,     25.26481965,      2.67676901,   1735.21405046,     51.96042831,     39.12174021,     69.77433020,    794.40209991,  -1417.41473203,    -30.58805678,   1567.51957242,     73.28538298,    740.59398028
AS15_000032977,FREE,3,1,  0.04,     27.10501810,      1.64695348,   1735.64568892,     57.89595234,     46.81639788,     77.57665920,   1086.08916179,  -1591.80193195,    282.52891269,   1544.38650922,     44.40525179,    790.79987431
AS15_000032984,FREE,2,0,  0.58,     24.35170450,      1.73354444,   1735.77704944,     61.13603576,     50.05120494,     77.05167261,    698.86816037,  -1524.32412517,   -124.88370156,   1580.62390406,     47.83804729,    715.72450043
AS15_000032998,FREE,2,0,  0.56,     26.24512109,      5.67581191,   1736.69058456,     60.85172321,     47.20991319,     60.84964143,    902.69166266,  -1156.41438981,   -652.84383602,   1550.01930026,    154.05164372,    767.98596757
AS15_000032999,FREE,2,0,  0.17,     25.43599653,      5.66749705,   1736.78206052,     61.09618432,     48.48175929,     67.20304733,    784.78027460,  -1128.65821670,   -907.87367700,   1560.76132481,    154.89052613,    745.95236955
AS15_000033003,FREE,2,0,  0.48,     23.64363007,      3.89133789,   1736.78303065,     62.81104256,     51.31620150,     69.57850949,    560.79998950,  -1352.72817963,   -864.29245896,   1587.32534432,    107.97189746,    696.53113081
AS15_000033005,FREE,3,1,  0.34,     28.18113167,      3.60352727,   1735.50465036,     62.09656770,     47.49864191,     75.51558614,    935.63664896,  -1820.50888423,     49.56894539,   1526.75165162,     96.14943507,    819.61031707
AS15_000033007,FREE,3,1,  0.48,     24.24262663,      1.79104870,   1735.74024096,     61.98309715,     50.44239951,     77.55801625,    706.88246074,  -1549.64641975,   -151.56859836,   1581.90059239,     49.46584635,    712.69757257
AS15_000033009,FREE,3,0,  0.20,     27.88469704,      2.42302074,   1735.90530079,     59.20673943,     46.68839332,     74.51389577,   1269.01674856,  -1461.64234620,    187.41924277,   1532.97851184,     64.86786053,    811.87206887
AS15_000033010,FREE,2,0,  0.10,     26.85834559,      5.70355236,   1736.35906975,     62.75281141,     49.15927895,     63.55334211,   1080.29822619,   -972.19170962,   -854.26392009,   1541.38272981,    153.94696866,    784.46314775
AS15_000033014,FREE,3,1,  0.39,     25.59657898,      4.92978895,   1736.90032307,     55.53192857,     41.84591066,     66.02086962,    828.72184506,  -1263.51110039,   -672.36131350,   1560.64337118,    134.61173602,    750.39634914
AS15_000033020,FREE,2,0,  0.12,     24.94867555,      4.12765446,   1737.18425127,     53.49222513,     40.54125892,     57.53703611,    724.93589160,  -1296.92951706,   -622.33757352,   1570.99512337,    113.37251177,    732.75515610
AS15_000033022,FREE,3,0,  0.09,     27.57184930,      4.15848213,   1735.32288235,     58.37177087,     43.08694571,     68.59586744,   1252.75236547,  -1297.18548043,   -313.66546702,   1534.19441377,    111.54654582,    803.21253407
AS15_000033036,FREE,2,0,  0.08,     25.73898416,      5.34599923,   1736.80943176,     58.17413187,     46.20587156,     68.30390970,    857.83559309,  -1186.87510270,   -610.72460363,   1557.68106676,    145.76312552,    754.24784239
AS15_000033038,FREE,3,1,  0.12,     25.75441600,      5.87628341,   1736.68070410,     62.32886386,     49.87626031,     59.62078004,    832.00628219,  -1135.77854020,   -691.14796188,   1555.94783778,    160.14066002,    754.61325400
AS15_000033042,FREE,2,0,  0.55,     24.33602471,      5.09948547,   1735.94717678,     62.15265629,     50.27557725,     62.20045830,    748.02983125,  -1259.85826363,   -750.02989569,   1575.43789590,    140.58982580,    715.36182286
AS15_000033045,FREE,2,0,  0.21,     26.07207711,      4.90876123,   1737.25289997,     54.98268468,     40.97657862,     56.78557989,    854.49651098,  -1217.06171226,   -372.48492467,   1554.74982913,    133.52856967,    763.52519823
AS15_000033079,FREE,4,2,  0.10,     27.64144877,      3.17047604,   1735.61361064,     56.86476476,     42.72911445,     70.19680790,   1171.31314223,  -1386.13138048,     82.00288775,   1535.17154749,     85.03590551,    805.21538734
AS15_000033086,FREE,3,1,  0.04,     25.05252051,      2.26570156,   1735.32090602,     53.91942379,     41.95382174,     71.68093447,    781.08155652,  -1471.03988507,    -63.02621143,   1570.83295860,     62.14934146,    734.81965299
AS15_000033090,FREE,2,0,  0.02,     24.46349686,      1.72422461,   1735.79375452,     60.12901457,     49.31782870,     76.38130880,    674.74533768,  -1537.76006365,   -179.66429688,   1579.24800547,     47.53928802,    718.81549201
AS15_000033092,FREE,2,0,  0.17,     26.78234308,      1.71341454,   1735.58338256,     55.55308292,     44.85279561,     75.44383855,    992.76051736,  -1501.30892462,    228.36918916,   1548.70543955,     46.32742151,    782.05812403
AS15_000033104,FREE,2,0,  0.41,     27.14871221,      4.26536375,   1735.27065685,     58.24089128,     41.86599827,     72.99656574,   1058.63777123,  -1293.79573834,   -156.53964113,   1539.81083696,    114.84289709,    791.80676171
AS15_000033111,FREE,3,0,  0.03,     25.69699064,      2.91951071,   1735.27057687,     50.33010208,     37.11851109,     68.55063832,    839.37260695,  -1401.46334042,   -141.47772690,   1561.62245591,     79.64152796,    752.43372277
AS15_000033118,FREE,2,0,  0.32,     24.25671638,      1.01886145,   1735.44545737,     65.95411845,     57.55744944,     81.46358764,    687.42307377,  -1615.11812738,     -8.67710616,   1581.97957445,     28.13449659,    712.96564547
AS15_000033119,FREE,2,0,  0.19,     25.28608161,      1.25281664,   1735.62416492,     57.09909421,     49.63139745,     75.41271522,    785.99545892,  -1563.50912777,    140.56648322,   1568.95251455,     34.31183155,    741.35143296
AS15_000033120,FREE,2,0,  0.03,     26.14208189,      0.91628072,   1735.69856183,     57.85635018,     52.41452764,     77.16381047,    900.63424330,  -1626.37869337,    302.05163771,   1557.94466897,     24.91695507,    764.74639672
AS15_000033125,FREE,3,1,  0.00,     25.73689684,      1.61199551,   1735.53209790,     53.86255639,     44.55090186,     65.92462699,    846.61998319,  -1572.80663570,    110.09863039,   1562.74439234,     43.97883865,    753.63617801
AS15_000033137,FREE,3,1,  0.76,     23.67600590,      2.60123461,   1735.92403419,     62.47584233,     51.56553591,     72.28885067,    739.73350902,  -1463.91206092,   -322.82297215,   1588.17460923,     72.15287953,    697.08509167
AS15_000033138,FREE,2,0,  0.04,     26.11137487,      3.03711350,   1735.34666801,     50.09967944,     36.20312531,     60.62943170,    876.89118251,  -1387.57633147,   -135.92478314,   1556.04890202,     82.55980529,    763.75634285
AS15_000033341,FREE,2,0,  0.26,     27.92960185,      2.95762570,   1735.74655199,     62.94109724,     45.69089020,     80.34873139,   1228.44944690,  -1278.97901737,     95.55104089,   1531.53054461,     79.12837197,    812.99999042
AS15_000033342,FREE,2,0,  0.19,     27.73424316,      2.72750891,   1735.79854657,     60.80164363,     44.41979529,     78.90226569,   1202.23572091,  -1320.49799402,     87.68001223,   1534.64196079,     73.11034718,    807.79051964
AS15_000033347,FREE,2,0,  0.53,     26.27185252,      4.80453818,   1737.49147798,     54.48247423,     40.22538683,     58.40890397,    888.61703596,  -1189.46741901,   -446.52925560,   1552.54102667,    130.49435128,    769.06711075
AS15_000033360,FREE,3,1,  0.99,     27.12765259,      0.40713017,   1735.98206610,     80.48150659,     63.12681491,    148.31865360,    862.09719084,  -1703.16086283,    642.39655034,   1544.97260739,     10.97839237,    791.56354839
AS15_000033362,FREE,2,0,  0.75,     27.52415195,      4.41722070,   1735.78721880,     58.86341547,     44.23193166,     67.90066575,    991.07752720,  -1219.68931079,    -26.77160098,   1534.75174106,    118.55673415,    802.14628532
AS15_000033370,FREE,2,0,  0.24,     26.99271382,      2.63301813,   1735.53150001,     52.94350046,     39.87330627,     66.05876089,   1032.19785435,  -1428.43550775,     72.49807056,   1544.83740763,     71.04276662,    787.71815825
AS15_000033381,FREE,2,0,  0.07,     27.56351299,      3.47263449,   1735.34950403,     56.16267706,     42.09665572,     67.74332872,   1191.38356704,  -1353.12836876,    -68.55258040,   1535.55990292,     93.18273343,    803.00103604
AS15_000033383,FREE,2,0,  0.37,     27.84870772,      3.45453296,   1735.52379675,     63.65632446,     47.99088730,     80.30211681,   1169.02153936,  -1389.57007237,    194.31708346,   1531.73434113,     92.46489046,    810.72991887
AS15_000033438,FREE,2,0,  0.29,     27.08324493,      2.75940407,   1735.58254351,     54.74153353,     39.87576184,     73.65095478,   1013.90572688,  -1341.44436682,     79.93015307,   1543.47720214,     74.39244689,    790.18393788
AS15_000055052,FREE,2,0,  0.20,     24.41491874,      7.03360694,   1734.43662836,     79.04895621,     67.47502030,     77.54637631,    868.10206217,  -1128.04619276,   -861.21893135,   1567.45118115,    193.39212430,    716.91470817
AS15_000055093,FREE,3,1,  0.10,     27.06892079,      6.94455122,   1735.29350506,     74.97340910,     62.37976086,     70.37832339,   1058.55079489,   -953.14357883,   -831.31852167,   1533.87283828,    186.82927552,    789.66606011
AS15_000055094,FREE,2,0,  0.28,     24.08351905,      5.99689710,   1735.59211468,     72.32020238,     59.36915845,     75.92481497,    810.42552392,  -1130.53876141,   -856.71214332,   1575.84043541,    165.54122066,    708.23937685
AS15_000055096,FREE,3,1,  0.85,     25.34992731,      5.55945570,   1736.27251508,     60.67022465,     47.98962298,     59.18211326,    779.59577731,  -1171.39226527,   -862.26563336,   1561.70583864,    152.01093685,    743.37728997
AS15_000055101,FREE,3,0,  0.19,     24.61746860,      5.65038294,   1735.74852210,     64.40974936,     52.16884032,     63.15723959,    769.88926342,  -1188.47016646,   -809.27633192,   1570.31775853,    155.36525458,    723.03990685
AS15_000055103,FREE,2,0,  0.36,     25.92287137,      5.93596487,   1736.68150926,     62.84130734,     50.01352035,     69.64748208,    870.13313598,  -1117.44045898,   -692.46899066,   1553.56744136,    161.53123857,    759.20914689
AS15_000055107,FREE,2,0,  2.26,     24.26084488,      6.78519345,   1734.79746351,     76.43303330,     65.71588904,     69.16699517,    719.27968955,  -1136.79186188,  -1185.50546525,   1570.51026472,    186.86039693,    712.81339766
AS15_000055109,FREE,2,0,  0.38,     26.04101177,      6.76789556,   1736.91905529,     70.39667841,     58.28634747,     72.35395559,    856.36529831,  -1033.74279622,   -742.65407350,   1549.71244899,    183.91138591,    762.53244665
AS15_000055125,FREE,4,2,  0.25,     25.43199843,      5.37577733,   1736.48621099,     59.05671328,     45.83313625,     66.88155483,    797.02585274,  -1185.21157165,   -672.87708899,   1561.31552657,    146.92182890,    745.71587326
AS15_000055141,FREE,2,0,  0.26,     26.15311677,      5.11640779,   1737.02329635,     56.82963262,     44.81033993,     68.80749979,    933.36497112,  -1261.89708003,   -620.75742535,   1552.97323317,    139.04744717,    765.63037854
AS15_000055142,FREE,4,1,  0.16,     24.35233248,      4.81529499,   1736.18031705,     60.46085966,     48.10308874,     62.99693738,    662.04655030,  -1291.56842394,   -907.46310908,   1576.12454024,    132.77459509,    715.90811833
AS15_000055172,FREE,3,0,  0.16,     24.65073996,      5.40448269,   1735.91190257,     62.39912991,     49.96306686,     62.50551331,    784.54070847,  -1199.54135833,   -712.64140968,   1570.69965345,    148.59881860,    724.02425600
AS15_000055185,FREE,2,0,  0.10,     25.92192481,      5.56317955,   1736.71332471,     59.83397098,     47.23863444,     68.88727142,    887.09601120,  -1188.96595358,   -734.34296923,   1554.62648985,    151.42385624,    759.19725041
AS15_000055189,FREE,3,1,  0.16,     24.59431141,      4.46870942,   1737.04821282,     57.93280661,     44.83597243,     69.01009365,    847.76019364,  -1393.20970870,   -613.94977598,   1574.65724144,    123.06296556,    722.94299371
AS15_000055193,FREE,2,0,  0.15,     23.31111707,      6.30596717,   1735.00886823,     79.40610368,     68.71168611,     76.28013786,    665.45346779,  -1199.31102404,  -1283.51911284,   1583.73872119,    175.01333622,    686.58413031
AS15_000055197,FREE,2,0,  0.22,     23.82229109,      5.19908943,   1736.16509097,     69.51978183,     56.87102527,     76.67912276,    755.29811731,  -1194.91271551,   -841.04782355,   1581.71402649,    143.92190733,    701.23922173
AS15_000055206,FREE,2,0,  0.12,     25.29776709,      6.11201817,   1736.39673995,     65.26833684,     53.05158705,     70.19289792,    818.01708005,  -1098.07079686,   -700.30854394,   1560.95116441,    167.14872306,    742.00162077
AS15_000055208,FREE,2,0,  0.08,     23.37524569,      5.41404558,   1735.95676183,     76.07356419,     62.07177020,     81.14465518,    779.50840047,  -1176.86210377,   -924.43505169,   1586.37133437,    150.34861127,    688.74317677
AS15_000055210,FREE,2,0,  0.26,     25.55501063,      5.20877943,   1737.20470391,     57.26354841,     44.04450183,     57.85504328,    799.39285192,  -1173.31563288,   -655.12597671,   1560.78463409,    142.28367207,    749.39099671
AS15_000055254,FREE,2,0,  0.16,     24.21908743,      5.64850212,   1735.64419623,     66.64226566,     55.31205118,     63.99868594,    737.20562493,  -1232.65041731,   -901.30676266,   1575.19310901,    155.79540158,    712.00789185
AS15_000055255,FREE,2,0,  0.36,     25.70757796,      5.95906386,   1736.58035961,     63.09697072,     50.42357836,     58.44615334,    815.36062491,  -1145.86636566,   -713.57023200,   1556.23794674,    162.44311455,    753.29080243
AS15_000055256,FREE,2,0,  0.10,     24.77413461,      5.35675014,   1735.93234650,     61.39157524,     49.02578275,     59.64354540,    778.12068294,  -1234.64934303,   -682.04404585,   1569.28526434,    147.14605406,    727.42897215
AS15_000055257,FREE,2,0,  0.03,     24.37679434,      5.08064810,   1735.94001165,     61.78796777,     49.83121869,     61.87877349,    731.24772986,  -1259.72366454,   -783.56181912,   1574.97010749,    140.02616342,    716.48416461
AS15_000055258,FREE,2,0,  0.04,     24.42673587,      5.25967006,   1735.81173659,     62.64875596,     50.71229785,     61.73604144,    763.73542171,  -1246.28762726,   -736.48422284,   1573.78611610,    144.87849061,    717.80907532
AS15_000055259,FREE,3,1,  0.41,     25.73513768,      5.06673891,   1737.01072143,     56.16908268,     42.53243188,     57.72732282,    827.94719564,  -1203.38004977,   -417.02743304,   1558.60406264,    138.18975338,    754.23021309
AS15_000055260,FREE,2,0,  0.20,     23.33251225,      4.69599527,   1736.56849397,     68.91619835,     57.55315877,     73.69661369,    721.32980060,  -1286.04529243,   -848.16486224,   1589.20227524,    130.54438200,    687.79679189
AS15_000055262,FREE,2,0,  0.16,     24.32958427,      4.50412722,   1736.26296594,     58.97791983,     46.91147607,     62.04551982,    719.21384182,  -1308.09832428,   -694.95727656,   1577.18069092,    124.24112654,    715.31412511
AS15_000055263,FREE,2,0,  0.40,     24.66789552,      6.54697074,   1735.40531165,     71.82500277,     60.57237296,     65.49713861,    768.11443238,  -1153.34005493,   -966.72653187,   1566.75170664,    179.81001785,    724.28519448
AS15_000055264,FREE,2,0,  0.70,     26.33859017,      7.07456765,   1736.06729804,     73.90278176,     62.25725199,     66.46580080,    893.59241476,  -1000.70707142,   -899.14150353,   1543.99725703,    191.61908353,    770.24947934
AS15_000055265,FREE,2,0,  0.18,     23.88446852,      6.02164873,   1735.20159728,     72.36806609,     61.09563247,     69.70349253,    788.42885002,  -1209.67539811,   -935.52279048,   1577.85106533,    166.44161715,    702.57226455
AS15_000055266,FREE,2,0,  0.24,     24.66969826,      6.12737774,   1735.39497446,     68.16677067,     56.35598134,     64.12439099,    774.53041889,  -1171.70583213,   -867.65848941,   1567.99448195,    168.32810299,    724.33049894
AS15_000055267,FREE,3,1,  0.01,     25.02755377,      5.99812221,   1735.83829377,     65.60261246,     53.32111302,     70.86002920,    679.43528024,  -1134.48656148,  -1346.75758941,   1564.23993726,    164.35641050,    734.35343747
AS15_000055268,FREE,3,1,  0.13,     25.97756068,      6.26408996,   1736.58193550,     65.65104679,     53.01756919,     61.78004420,    859.04727691,  -1088.91003396,   -776.89697480,   1551.80687194,    170.33669465,    760.65607298
AS15_000055269,FREE,2,0,  0.12,     23.35513759,      5.38271153,   1736.02542686,     76.12472705,     62.11746265,     81.29121216,    741.50820788,  -1193.95615207,   -974.46666399,   1586.75663377,    149.50960957,    688.21111916
AS15_000055270,FREE,2,0,  0.22,     26.34020010,      5.49505347,   1736.59113193,     59.67253634,     45.73796122,     60.91185620,    956.24473584,  -1198.41191072,   -763.59435320,   1549.13816959,    149.03005883,    770.52562098
AS15_000055271,FREE,2,0,  0.85,     24.31601031,      5.16352226,   1735.85126117,     63.05262977,     50.88191851,     64.52369064,    708.51217826,  -1257.91751312,   -870.65871351,   1575.44150722,    142.36514463,    714.76976981
AS15_000055273,FREE,3,1,  0.27,     24.36310711,      4.66289032,   1736.16366205,     61.18341597,     48.04393836,     69.84218423,    720.90994782,  -1294.40382933,   -729.46789703,   1576.32280710,    128.56951691,    716.19867953
AS15_000055276,FREE,2,0,  0.04,     26.77791260,      8.26625176,   1734.25839761,     89.07969659,     79.64275462,     84.24758297,    994.69982167,   -830.60403902,  -1100.74687157,   1532.19018630,    222.60075977,    781.34136230
AS15_000055277,FREE,2,0,  0.48,     26.88957847,      7.94802202,   1733.91861386,     86.30593475,     75.28101561,     83.22761865,    999.42359249,   -890.39596940,   -963.28385472,   1531.59170287,    213.83447271,    784.20369388
AS15_000055278,FREE,2,0,  0.05,     27.28467624,      8.17305670,   1733.90478876,     90.94223849,     79.63609153,     87.19667903,   1084.07768262,   -826.23873379,   -983.42678955,   1525.33876911,    219.07253960,    794.84254938
AS15_000055279,FREE,2,0,  0.30,     24.04309871,      7.34854091,   1734.26666101,     84.96327348,     73.61081325,     81.24472572,    654.11043274,  -1027.22639269,  -1476.00051065,   1570.79173487,    202.57582053,    706.58135703
AS15_000055280,FREE,2,0,  0.59,     25.20742684,      7.46417410,   1734.52116782,     79.34812310,     69.15988321,     76.47365218,    800.73472201,  -1016.55253201,  -1108.78860155,   1556.04773967,    203.86782331,    738.72662338
AS15_000055281,FREE,2,0,  0.04,     27.52467583,      7.35015957,   1734.13596470,     84.38932430,     69.26915136,     84.82245512,   1122.39013343,   -934.21151537,   -741.58019793,   1525.21558414,    196.74193645,    801.39726503
AS15_000055282,FREE,3,1,  0.01,     24.37261899,      6.66520098,   1735.15215314,     75.63758780,     63.50054040,     76.06695587,    825.36843192,  -1178.63915545,   -902.82304024,   1569.83488682,    183.44667611,    716.04381130
AS15_000055283,FREE,2,0,  0.30,     27.03630146,      6.70766180,   1735.17919081,     74.40074086,     59.47634660,     77.88523833,   1080.44614706,  -1014.13093013,   -791.32977095,   1534.97728924,    180.52648797,    788.73425998
AS15_000055285,FREE,2,0,  0.07,     23.39728028,      5.37791391,   1736.05061367,     75.55832720,     61.66914134,     80.84372682,    796.50634086,  -1170.02772240,   -887.41722119,   1586.28776125,    149.33142616,    689.39320920
AS15_000055287,FREE,2,0,  0.02,     25.26082410,      5.56290075,   1736.02039970,     61.13161004,     49.05364845,     69.34456105,    811.23989788,  -1170.64155206,   -732.96192646,   1562.61848836,    152.19461778,    740.82864841
AS15_000055290,FREE,2,0,  0.53,     24.23721886,      4.87853824,   1736.05988364,     63.59456816,     52.44654103,     73.49436346,    761.56678204,  -1225.80355710,   -722.64515946,   1577.29755021,    134.62695551,    712.67940938
AS15_000055291,FREE,2,0,  0.03,     25.25715787,      4.39337346,   1737.06229121,     53.58858188,     45.78486278,     68.79831139,    827.99416360,  -1254.20278615,   -419.80153350,   1566.38614173,    120.34461358,    741.17274135
AS15_000055293,FREE,2,0,  0.44,     26.94090094,      4.77700520,   1737.07367941,     58.71310688,     45.81725295,     72.92513872,   1134.14503824,  -1375.19682447,   -519.02701895,   1543.17746777,    128.96055526,    787.01807212
AS15_000055294,FREE,2,0,  0.58,     27.52783770,      5.05599344,   1735.78641927,     66.21525927,     49.74661694,     78.46550792,   1706.41011119,  -1632.32383275,  -1192.36879750,   1533.28252836,    135.65486916,    802.24493642
AS15_000055319,FREE,2,0,  0.19,     23.36996795,      4.15945728,   1736.90024666,     66.07431732,     54.83221505,     72.40337078,    739.97881047,  -1329.93540500,   -710.18593364,   1590.20999105,    115.64647372,    688.97064114
AS15_000055325,FREE,2,0,  0.61,     25.72791702,      6.44739307,   1736.68355150,     67.37335946,     56.75516420,     69.46140487,    823.10044335,   -891.19059700,  -1350.41020901,   1554.62350717,    175.68119671,    753.89099086
AS15_000055330,FREE,2,0,  0.23,     25.30174771,      3.71541472,   1737.34277105,     50.87545805,     37.60599800,     58.45494064,    816.95233117,  -1296.08361833,   -183.81902988,   1567.37741354,    101.78120479,    742.51500590
AS15_000055334,FREE,2,0,  0.69,     23.97809428,      6.92958358,   1734.28817609,     81.69755662,     71.73665702,     79.61629058,    634.65742472,  -1070.65671928,  -1431.28973295,   1573.04529265,    191.18355444,    704.79275927
AS15_000055395,FREE,2,0,  0.67,     24.20678898,      4.01148510,   1737.39408003,     59.72587971,     47.21777213,     71.88174724,    707.79654974,  -1335.61967818,   -627.92346134,   1580.74542783,    110.85490697,    712.38561981
AS15_000055396,FREE,2,0,  0.22,     24.20465536,      4.16777680,   1737.19119287,     58.08060169,     46.46228112,     62.43265940,    490.15106093,  -1289.76845396,  -1093.98429445,   1580.27905228,    115.15493293,    712.24342673
AS15_000055406,FREE,4,2,  0.19,     26.21544782,      2.95408215,   1735.39147969,     50.42468222,     37.45921510,     68.68092658,    916.36814271,  -1429.26067918,   -117.72631289,   1554.81903830,     80.23518334,    766.60528389
AS15_000055411,FREE,3,1,  0.18,     27.20106754,      5.11325142,   1735.31331438,     60.70359427,     45.90686002,     65.48197810,   1149.77372161,  -1121.37599359,   -594.87802390,   1537.25929773,    137.55511521,    793.23687563
AS15_000055416,FREE,3,1,  0.05,     27.83989505,      4.04874927,   1735.50412780,     59.40315620,     45.13999470,     69.94958606,   1266.28163312,  -1250.78784190,   -173.05809376,   1530.80004765,    108.35287269,    810.48469863
AS15_000055431,FREE,2,0,  0.22,     26.82845272,      3.72577647,   1735.36931657,     54.19092746,     40.61795696,     71.49309112,   1012.76226782,  -1362.54745450,    -83.35594027,   1545.30435555,    100.62848587,    783.20815971
AS15_000055439,FREE,2,0,  0.50,     23.52658042,      5.36884475,   1735.81151765,     73.75867087,     59.28656575,     78.51929505,    901.58445450,  -1271.73718447,   -717.91771915,   1584.54014358,    148.91387671,    692.89163331
AS15_000055444,FREE,2,0,  0.52,     25.03006457,      5.99275156,   1735.82432546,     65.61013908,     53.75278927,     69.47311011,    690.28561325,  -1059.84831724,  -1263.78517006,   1564.21074283,    164.20510355,    734.41645191
AS15_000055448,FREE,2,0,  0.11,     24.22161410,      4.88215234,   1736.05587915,     63.60174400,     49.79462358,     72.01767536,    759.22775035,  -1257.95937803,   -713.61583017,   1577.47875498,    134.74265145,    712.24659425
AS15_000055461,FREE,2,0,  1.46,     28.37624802,      4.48978541,   1735.79998683,     65.38685687,     51.50383804,     76.23345762,   1239.60915945,  -1178.81152751,      8.82402278,   1522.54947684,    119.55412758,    824.95545058
AS15_000055462,FREE,3,1,  0.15,     25.73311331,      4.10258043,   1735.89754540,     51.81557519,     40.78316513,     66.55500020,    836.37746486,  -1255.21654377,   -699.91007180,   1559.73507266,    111.87380723,    753.69160969
AS15_000055463,FREE,2,0,  0.70,     25.65523185,      4.22739651,   1736.32985036,     52.16268543,     37.96152929,     56.14642823,    805.06336785,  -1241.19521464,   -908.12844114,   1560.89654207,    115.37548539,    751.75250688
AS15_000055464,FREE,2,0,  0.71,     26.23011100,      4.09000822,   1736.07414340,     51.70930106,     36.97387441,     57.31764744,    907.32336375,  -1264.19926188,   -411.77391538,   1553.33793833,    111.07237361,    767.30542064
AS15_000055470,FREE,2,0,  0.28,     27.91248397,      3.66073171,   1735.31853313,     59.11576059,     45.11424911,     71.18607557,   1241.27209249,  -1308.30363780,     -7.01710753,   1530.30910653,     97.90749707,    812.34141339
AS15_000055471,FREE,2,0,  0.25,     25.11234159,      3.57648169,   1737.28272195,     51.29628706,     38.32469116,     57.59955695,    765.19846408,  -1352.30609733,   -389.00385730,   1570.00656749,     98.12946297,    737.29318628
AS15_000055472,FREE,2,0,  0.33,     25.03746251,      3.51969765,   1737.35333329,     51.48732961,     38.70273438,     57.97525925,    761.58525656,  -1354.78754375,   -375.04768152,   1571.12730465,     96.63643058,    735.26661666
AS15_000055474,FREE,2,0,  0.79,     28.41185780,      3.38147516,   1735.58547234,     63.07987991,     49.79165793,     77.48491948,   1380.34261456,  -1353.74490993,    124.21250544,   1523.87663863,     90.04052568,    825.80241327
AS15_000055475,FREE,3,1,  0.22,     27.44826915,      2.97325102,   1735.57811264,     55.42222819,     41.59701156,     68.79177676,   1200.19607687,  -1477.31712286,    -11.41866798,   1538.12619864,     79.88973740,    800.01050742
AS15_000055476,FREE,2,0,  0.45,     27.77206443,      3.28674354,   1735.60007150,     57.40007649,     43.80522265,     70.15684443,   1177.45583751,  -1356.27907482,    111.69498238,   1533.14727209,     88.04481834,    808.71203789
AS15_000055477,FREE,2,0,  0.18,     26.24626750,      5.67529367,   1736.70992987,     60.80734009,     47.59453751,     60.09119272,    878.37251022,  -1106.12737127,   -632.48962929,   1550.02266807,    154.03782004,    768.02568902
AS15_000055478,FREE,3,0,  0.11,     25.73649609,      5.23792214,   1736.79046247,     57.29865735,     43.77312940,     58.07111608,    818.58363280,  -1160.38229127,   -697.00909006,   1557.96884737,    142.82604251,    754.17166662
AS15_000055479,FREE,2,0,  0.39,     27.25562186,      5.49469533,   1735.70293453,     63.34385208,     49.12537102,     66.44282499,   1227.71482347,  -1012.17083218,   -814.96902751,   1535.90173266,    147.74699907,    794.88450031
AS15_000055480,FREE,2,0,  0.42,     26.64360580,      5.26023632,   1735.47986059,     59.20041323,     44.80425650,     61.60555794,    941.62227842,  -1152.88960493,   -454.19569039,   1544.66205775,    142.21280412,    778.25766442
AS15_000055481,FREE,2,0,  2.14,     27.75180698,      5.40901019,   1736.06971557,     65.75441748,     51.39895248,     70.97665854,   1171.80186868,  -1063.95937423,   -383.27338537,   1529.53350053,    144.82616803,    808.38772203
AS15_000055482,FREE,2,0,  1.44,     27.66490371,      5.32545905,   1735.13446715,     65.01205225,     50.34499836,     70.26355730,   1297.29266675,  -1045.74267874,   -610.24917346,   1530.13738015,    142.63234028,    805.62226414
AS15_000055483,FREE,2,0,  0.35,     25.54415835,      5.14401305,   1737.17823424,     56.85849759,     43.56089285,     57.77858921,    796.97881873,  -1172.93488678,   -681.38382548,   1561.06202723,    140.52987414,    749.08271849
AS15_000055484,FREE,2,0,  0.42,     25.67187766,      5.04526372,   1736.94299613,     56.13205516,     42.51975203,     57.71368053,    816.13972708,  -1191.01756136,   -593.06078262,   1559.42351048,    137.67334049,    752.47281551
AS15_000055485,FREE,2,0,  0.50,     25.73619874,      5.06107440,   1737.00324248,     56.13497305,     42.48859239,     57.72416323,    822.29355460,  -1209.46836994,   -453.51727290,   1558.59709295,    138.03383559,    754.25594227
AS15_000055486,FREE,2,0,  0.21,     26.83962790,      5.16255311,   1735.36415144,     59.29468165,     44.66010877,     62.74503803,   1030.79199528,  -1126.91096482,   -571.20538689,   1542.13861058,    139.32942255,    783.50785309
AS15_000055487,FREE,2,0,  1.16,     27.31031072,      5.15313061,   1735.61292976,     61.42753174,     46.73167570,     66.37373144,   1245.68683343,  -1079.68528398,   -725.98286150,   1535.91921859,    138.51286635,    796.31562949
AS15_000055488,FREE,2,0,  0.73,     28.04912808,      4.82171397,   1735.11814461,     65.17835544,     50.03034756,     73.91760457,   1240.19441978,  -1168.83754154,   -189.04236525,   1525.90013591,    128.71579669,    815.90195163
AS15_000055489,FREE,2,0,  0.76,     28.08695126,      4.86370552,   1735.14205028,     65.70270611,     50.58280198,     74.38305744,   1134.74498103,  -1176.07576621,    -37.02444816,   1525.28940428,    129.79017366,    816.92391242
AS15_000055490,FREE,2,0,  0.13,     25.45224475,      4.52417841,   1737.04445457,     53.50715367,     39.73190783,     57.51357125,    788.77203721,  -1243.12540490,   -632.84979121,   1563.56642527,    123.71926915,    746.50988831
AS15_000055491,FREE,3,0,  0.19,     25.04163939,      4.10241212,   1736.82014756,     53.09750894,     39.73535057,     58.93123634,    707.19477076,  -1337.90358554,   -764.50565497,   1569.52795092,    112.57157842,    735.15568146
AS15_000055493,FREE,3,1,  0.05,     25.21769970,      3.88807017,   1737.15075559,     51.69283429,     38.32838268,     58.46473076,    756.12197185,  -1304.82339154,   -510.43132814,   1567.97528658,    106.56584270,    740.12834664
AS15_000055494,FREE,3,1,  0.10,     26.32634746,      3.57816180,   1735.29505500,     50.92148060,     36.37274082,     60.49563091,    935.29903015,  -1369.18949199,   -192.47878473,   1552.28279671,     97.06737762,    769.57453906
AS15_000055498,FREE,2,0,  1.02,     26.34585991,      3.37374404,   1735.25338514,     50.68328063,     36.49150518,     61.06961853,    958.06172554,  -1416.17820607,   -224.74666307,   1552.32023351,     91.51096832,    770.08567444
AS15_000055499,FREE,2,0,  1.91,     27.09918235,      3.32697577,   1735.80225733,     53.33969179,     39.22386336,     65.39636269,   1083.41035151,  -1404.11274726,    -53.90368333,   1542.64033060,     89.67681622,    790.71382659
AS15_000055500,FREE,2,0,  0.14,     24.00764105,      6.47993307,   1735.04249995,     77.10588895,     65.78693864,     77.17908869,    874.62820497,  -1285.39893820,   -868.75539108,   1574.82054734,    178.86944357,    705.91673903
AS15_000055501,FREE,2,0,  0.64,     26.84258697,      6.68002542,   1735.44974847,     72.49651470,     60.70466907,     74.92000569,    977.15559500,   -995.39057591,   -749.95195041,   1537.94374683,    180.12332996,    783.62647163
AS15_000055502,FREE,2,0,  0.36,     28.08474157,      6.94113070,   1734.32075053,     85.03053059,     70.12113392,     87.14761939,   1227.63839130,   -904.88832362,   -610.67230600,   1518.89401549,    184.91279856,    816.47822528
AS15_000055503,FREE,2,0,  0.10,     24.38064357,      5.42382834,   1735.70284056,     65.56737888,     52.26793581,     71.57599679,    736.75901125,  -1219.76760651,   -865.90401825,   1573.84018044,    149.43210688,    716.49248608
AS15_000055504,FREE,2,0,  0.36,     25.33121326,      4.94871691,   1735.95090799,     56.78419579,     43.10626484,     66.95138707,    804.29188119,  -1230.67600297,   -605.31912611,   1563.18964567,    135.35162700,    742.72715293
AS15_000055507,FREE,2,0,  0.39,     24.28954516,      3.98229963,   1737.33012412,     58.85338429,     46.51863219,     71.35796128,    729.15525094,  -1326.72566901,   -572.95986728,   1579.71542547,    109.97406670,    714.64735314
AS15_000055508,FREE,2,0,  0.51,     24.32915419,      4.51102895,   1736.26937157,     60.76422179,     47.25216046,     71.16656937,    731.44303352,  -1289.99217804,   -690.63614279,   1577.17688505,    124.43199115,    715.30488848
AS15_000055512,FREE,2,0,  1.68,     23.97118895,      3.20332453,   1736.95548519,     61.69225219,     51.61341223,     76.24965845,    967.38675624,  -1164.87079687,    -15.04623531,   1584.66297315,     88.68865092,    705.68544143
AS15_000055515,FREE,2,0,  0.06,     27.04149640,      3.49423721,   1735.95914661,     55.08825676,     42.27252383,     72.99324862,   1075.44755911,  -1421.15545411,    -62.99800125,   1543.30528204,     94.23678981,    789.22898615
AS15_000055516,FREE,4,2,  0.01,     27.65537727,      3.48979180,   1735.33890896,     60.36448129,     43.91152136,     77.12806850,   1189.70392555,  -1344.97018265,    -36.02286407,   1534.23549850,     93.56349364,    805.46162959
AS15_000055534,FREE,2,0,  0.19,     26.24060983,      3.03278628,   1735.41307561,     50.20775663,     36.27658745,     60.98219362,    892.92300244,  -1384.01176775,   -101.17285045,   1554.39035928,     82.35408310,    767.29848101
AS15_000055541,FREE,2,0,  0.53,     24.21811070,      1.72293795,   1735.60077594,     60.53280131,     51.08833700,     71.21930335,    702.52960442,  -1567.17947946,   -148.42324804,   1582.13581328,     47.59065692,    711.96309677
AS15_000055557,FREE,2,0,  0.08,     24.15232161,      2.45038367,   1735.78793964,     60.54751339,     49.39421730,     75.39033489,    901.46232366,  -1347.24055789,     89.14609767,   1582.39042242,     67.71579718,    710.22172119
AS15_000055562,FREE,3,1,  0.04,     24.00418002,      2.08195404,   1735.52314767,     63.56540868,     50.53876589,     78.29552021,    730.56337754,  -1506.29292989,   -187.00011523,   1584.38122110,     57.59693776,    706.01652607
AS15_000055563,FREE,2,0,  0.73,     24.93387949,      1.75766641,   1735.56606788,     56.32482073,     50.21553208,     74.10779538,    762.36682503,  -1600.03975533,    -66.89299622,   1573.06196712,     48.27206948,    731.66620184
AS15_000055572,FREE,2,0,  0.21,     24.62543506,      3.94873338,   1737.11037550,     55.82294917,     42.18080723,     67.88430552,    727.18586615,  -1329.13142294,   -503.68826171,   1575.37357868,    108.74444844,    723.82676738
AS15_000055604,FREE,2,0,  0.79,     24.09121033,      1.96007705,   1735.52731953,     62.81936205,     53.73041862,     78.06950750,    715.38917193,  -1542.02693512,   -189.47478742,   1583.43034562,     54.18997371,    708.42562359
AS15_000055605,FREE,3,1,  0.11,     25.06591228,      1.68321209,   1735.47751308,     55.97544139,     46.19188668,     73.95756670,    761.56549571,  -1576.78935141,    -47.46240020,   1571.35368251,     46.17587367,    735.25341997
AS15_000055612,FREE,2,0,  1.22,     25.64623895,      4.18047925,   1736.20770402,     52.05511324,     38.08470886,     57.86567945,    775.67280909,  -1141.10729531,   -915.25918489,   1560.99833398,    114.09786300,    751.45397096
AS15_000055622,FREE,3,1,  0.14,     26.78432293,      3.71568411,   1735.33709397,     53.50324882,     37.55079551,     69.67325387,   1005.71501724,  -1266.53282212,   -292.02498884,   1545.89486010,    100.39348580,    782.00067725
AS15_000055623,FREE,3,1,  0.10,     25.55905344,      3.04651218,   1735.29184022,     50.53081520,     37.79637988,     67.80601315,    783.81790765,  -1412.48116410,   -522.98875582,   1563.26560816,     83.19986342,    748.67629307
AS15_000055625,FREE,3,1,  0.30,     23.96217113,      2.42356148,   1735.48192870,     60.36277333,     49.47445683,     70.35865746,    529.32368592,  -1549.67393782,   -617.98738565,   1584.48878495,     67.06249436,    704.83717062
AS15_000055635,FREE,2,0,  0.02,     26.18461586,      5.13768851,   1737.05007813,     56.80930539,     44.56438597,     65.98706601,    838.29783814,  -1190.22760521,   -442.00198222,   1552.52595941,    139.58867919,    766.49926283
AS15_000055640,FREE,2,0,  0.07,     27.05388696,      2.83831321,   1735.53079245,     54.57219121,     40.65001794,     72.96484026,   1106.31721576,  -1476.19648059,    -82.29125841,   1543.73143704,     76.53584682,    789.36851089
AS15_000055660,FREE,3,1,  0.14,     24.09353047,      2.60037882,   1735.89307644,     61.15642647,     47.41678536,     75.61597718,    651.03656324,  -1479.93761154,   -429.14874909,   1583.03077920,     71.89549508,    708.63909201
AS15_000055664,FREE,3,1,  0.04,     24.66761600,      1.75193082,   1735.23996184,     58.50807585,     47.82773188,     75.47051828,    726.28416157,  -1571.38277698,   -111.43616451,   1576.15217592,     48.20896914,    724.20849127
AS15_000055673,FREE,2,0,  0.20,     26.16375054,      3.25147533,   1735.30474544,     50.40266322,     36.38648601,     67.87583527,    896.39258657,  -1387.45653444,   -178.75962350,   1554.99386626,     88.33911992,    765.16196672
AS15_000055680,FREE,2,0,  0.07,     23.46110805,      4.92266712,   1736.50724841,     71.77735179,     58.11170581,     77.59812153,    754.93894436,  -1352.58280556,   -831.06069955,   1587.07539804,    136.69286608,    691.34952454
AS15_000055706,FREE,2,0,  0.54,     25.62084710,      4.45359043,   1737.66280538,     52.54525471,     39.17291469,     64.30146119,    796.20318718,  -1268.63516527,   -332.54072115,   1562.07666438,    121.66506167,    751.38946798
AS15_000055711,FREE,2,0,  0.08,     26.97452596,      2.97392122,   1735.68379675,     53.84776484,     39.56039550,     71.98832104,   1264.60373555,  -1565.89020927,   -608.28276973,   1544.77255223,     80.25306512,    787.29629092
AS15_000055717,FREE,3,1,  0.07,     24.27002746,      2.04057112,   1735.81543817,     60.54355310,     51.55339220,     76.21436849,    738.26668517,  -1496.16857396,   -136.03790029,   1581.39787519,     56.34481126,    713.48528926
AS15_000055722,FREE,3,0,  0.15,     26.95192398,      1.71220503,   1735.60700579,     55.28971811,     45.24712441,     69.45666752,   1051.35158455,  -1576.50316398,    245.51357733,   1546.40702593,     46.22599369,    786.65122273
AS15_000055727,FREE,3,1,  0.53,     23.61200346,      3.72039306,   1736.41287636,     62.93129529,     51.38428531,     70.23230955,    391.89048092,  -1326.18795344,  -1074.51702473,   1587.68539386,    103.23848353,    695.50455270
AS15_000055729,FREE,2,0,  0.12,     26.04685209,      3.71220550,   1735.14702583,     50.91372145,     36.22819538,     59.17223611,    858.53230781,  -1312.22103692,   -284.20597990,   1555.64645866,    100.93192756,    761.91340906
AS15_000055730,FREE,2,0,  0.32,     26.00498650,      3.73514327,   1735.14926481,     50.95223536,     36.29056937,     59.05216265,    851.41178829,  -1315.45181347,   -273.63165749,   1556.16306145,    101.59107797,    760.77509832
AS15_000055733,FREE,3,1,  0.27,     25.21379005,      2.83807274,   1735.18368720,     51.93180857,     40.08681831,     69.02862979,    762.61316619,  -1429.89129504,   -275.03279681,   1567.93777299,     77.72936312,    739.18313999
AS15_000055735,FREE,2,0,  0.23,     27.90937602,      3.25797439,   1735.56558979,     59.16133165,     44.92269240,     72.86519988,   1280.26937009,  -1309.63322345,    -23.01363261,   1531.22148696,     87.16286050,    812.37387334
AS15_000055736,FREE,2,0,  0.54,     24.30567572,      2.23386290,   1735.89453217,     57.84448670,     47.25657419,     68.12320914,    673.87938379,  -1526.00558635,   -307.30221423,   1580.82693691,     61.66494425,    714.50224422
AS15_000055737,FREE,3,1,  1.27,     24.69817898,      2.42478222,   1735.43499754,     59.04515528,     58.79517399,    105.65470285,    867.32290871,  -1685.56189550,     36.44837828,   1575.26821315,     66.70586208,    725.13103320
AS15_000055738,FREE,2,0,  1.00,     24.29198454,      1.80574555,   1735.79096397,     61.40757606,     49.94059769,     77.12367919,    667.40935246,  -1527.80999530,   -207.76853591,   1581.31982006,     49.85370717,    714.08158159
AS15_000055739,FREE,2,0,  0.20,     25.28811962,      1.79588597,   1735.47752492,     54.09554786,     44.22884415,     65.48254805,    793.41647581,  -1560.67527494,      1.68545250,   1568.39794350,     49.17616385,    741.34461300
AS15_000055740,FREE,2,0,  0.24,     25.79885982,      1.73302919,   1735.49865720,     53.22770389,     43.44181128,     65.31827135,    855.90956259,  -1574.52615141,     64.75204321,   1561.80234263,     47.25434920,    755.31189465
AS15_000055741,FREE,2,0,  0.37,     27.05359649,      2.13484147,   1735.56663926,     54.36444411,     42.81832384,     68.29047631,   1054.25948397,  -1505.49533777,    192.77417338,   1544.59065931,     57.57811550,    789.37697907
AS15_000055743,FREE,2,0,  0.15,     23.81494378,      5.14639870,   1736.12767264,     69.09019017,     56.54376936,     74.60642023,    667.56177185,  -1278.51106943,   -956.48561267,   1581.90116539,    142.47225458,    701.02043857
AS15_000055744,FREE,2,0,  0.10,     24.54355483,      5.47021299,   1735.67649321,     64.71549760,     54.01478355,     69.94785503,    748.69005255,  -1273.45473515,   -787.62411661,   1571.66052102,    150.50908413,    720.97372445
AS15_000055745,FREE,2,0,  0.02,     25.62785648,      5.37563310,   1736.77721216,     58.54889840,     47.72847033,     65.76446922,    786.68236250,  -1162.05371646,   -683.86406853,   1559.03007854,    146.70280594,    751.19810012
AS15_000055746,FREE,2,0,  0.05,     26.53125960,      5.89548142,   1736.65602051,     63.58956116,     53.88906556,     69.36160639,    850.49971226,  -1161.81080498,   -475.67582165,   1545.55213418,    159.59408703,    775.73994450
AS15_000055747,FREE,2,0,  0.13,     27.25790321,      5.67272730,   1736.31557229,     66.04109747,     53.63836453,     73.64088255,   1208.07413511,   -826.60214687,   -900.50176875,   1535.94567643,    152.56940327,    795.22652295
AS15_000055748,FREE,2,0,  1.37,     28.21060208,      5.71309650,   1736.91668214,     75.21530412,     60.08070186,     82.79677739,    925.60706529,  -1177.82975263,     22.72673895,   1522.99603707,    152.36681196,    821.06454458
AS15_000055749,FREE,2,0,  0.00,     23.64445746,      4.79665605,   1736.62289473,     68.94563441,     55.35539351,     75.60196543,    756.11612372,  -1347.73925990,   -763.52926016,   1585.26502702,    133.02525089,    696.48988164
AS15_000055750,FREE,2,0,  0.98,     25.47516992,      4.89224024,   1736.53062766,     55.78449715,     43.33837710,     65.32553268,    796.83933860,  -1277.32184459,   -402.88015239,   1561.97950177,    133.69578380,    746.91639039
AS15_000055755,FREE,2,0,  0.10,     25.01911151,      3.17212271,   1736.16901081,     52.37097728,     39.58172112,     68.04309197,    702.80101334,  -1447.05134685,   -557.26494943,   1570.84812478,     87.05737967,    734.26154442
AS15_000055756,FREE,3,1,  0.01,     26.81140181,      2.92756207,   1735.42586224,     52.91155642,     39.08073570,     71.27847064,   1135.18515905,  -1415.04980224,   -480.54024088,   1546.83936115,     79.10553465,    782.77278219
AS15_000055757,FREE,2,0,  0.09,     28.26469681,      3.27007244,   1735.60476960,     67.26918662,     48.54880793,     83.09652506,   1323.12626670,  -1367.18982013,    131.80531367,   1526.17834076,     87.19908748,    821.88801401
AS15_000055760,FREE,2,0,  0.23,     27.28862519,      2.50339514,   1735.60310405,     56.88261243,     44.05903416,     75.60911828,   1211.04615537,  -1573.85147433,    -60.31169862,   1540.97277661,     67.37181107,    795.72738774
AS15_000055767,FREE,2,0,  0.50,     23.66058597,      0.76843811,   1735.52100750,     74.05804809,     64.74003073,     87.48634566,    762.82375291,  -1569.72654813,    117.43160505,   1589.48819918,     21.31913670,    696.49546053
AS15_000055768,FREE,2,0,  0.12,     23.87499763,      1.15928163,   1735.43375874,     69.17446274,     58.93525094,     83.55626595,    734.54698348,  -1559.39956436,     18.89194993,   1586.60901676,     32.10668813,    702.40395749
AS15_000055772,FREE,2,0,  0.91,     24.02657732,      0.52141493,   1735.51662689,     71.60774279,     64.92552804,     86.02172869,    665.10948153,  -1684.94729521,     50.65611343,   1585.08008302,     14.42527260,    706.63357134
AS15_000055784,FREE,3,1,  0.17,     24.96514748,      0.33381307,   1735.93193297,     70.26380175,     60.92145655,    143.20707162,    792.58690387,  -1630.59833993,    554.85236927,   1573.70789296,      9.16874179,    732.67938263
AS15_000055798,FREE,2,0,  1.12,     24.31376900,      1.14257771,   1735.38130939,     64.68542239,     55.85968277,     80.44739576,    650.81715690,  -1633.36737091,   -114.12996173,   1581.14610742,     31.53498974,    714.51439480
AS15_000055802,FREE,2,0,  0.10,     25.07883114,      0.89542034,   1735.72164751,     60.34235756,     54.53445272,     77.92302945,    808.17683297,  -1533.92275990,    355.49188383,   1571.89531976,     24.56763229,    735.71133796
AS15_000055812,FREE,2,0,  0.13,     27.15628272,      2.16611973,   1735.55721724,     56.44818665,     42.99134661,     75.95465319,   1064.10312606,  -1429.32313851,    162.68421652,   1543.13441897,     58.36742889,    792.14156724
AS15_000055833,FREE,2,0,  0.11,     24.63739112,      0.53613374,   1735.60934875,     65.85247822,     61.08036137,     82.04741907,    733.07412930,  -1656.82444741,    190.56871628,   1577.53778605,     14.76192361,    723.53053196
AS15_000055847,FREE,2,0,  2.11,     24.05899201,      1.05036947,   1735.93114286,     67.58229703,     58.53948250,     82.40242028,    633.22892009,  -1634.48857701,   -111.66409990,   1584.85784567,     29.05751201,    707.69923185
AS15_000055850,FREE,2,0,  0.29,     24.79458933,      0.81171945,   1735.95326771,     62.59437515,     56.75093273,     79.35578572,    770.71444269,  -1575.81247546,    248.97665695,   1575.76988647,     22.32570466,    728.00039526
AS15_000055869,FREE,2,0,  0.15,     24.03291434,      0.88236307,   1735.49410686,     69.07846403,     60.62347064,     83.80075383,    681.43784258,  -1625.62017123,      2.46336981,   1584.85903439,     24.40898202,    706.79971538
AS15_000055879,FREE,2,0,  0.08,     26.40988911,      0.55946269,   1735.83913019,     60.85314269,     57.36014087,     79.95273542,    947.34146958,  -1673.56526005,    444.36567675,   1554.60417159,     15.18036212,    772.08348782
AS15_000055884,FREE,2,0,  0.11,     23.63319087,      2.40652033,   1736.44755326,     66.74591163,     52.38637014,     79.86738047,    736.61035315,  -1476.14369275,   -273.77929128,   1589.40983449,     66.79720479,    696.10675666
AS15_000055913,FREE,2,0,  0.19,     26.68541828,      0.86552904,   1735.73860763,     59.71832680,     53.88195587,     79.17457662,    999.78310163,  -1647.59202293,    375.20894576,   1550.68069280,     23.42687854,    779.50566666
AS15_000055914,FREE,3,1,  0.10,     27.46658747,      0.88671526,   1735.86158553,     64.78613572,     56.78463858,     83.73153954,   1263.18391110,  -1845.74569554,    496.24508836,   1540.01074739,     23.83526442,    800.63363795
AS15_000055921,FREE,2,0,  0.20,     26.00325164,      1.37112641,   1735.63074460,     54.96425638,     47.03320829,     74.48517780,    870.57255239,  -1553.82925502,    193.07194644,   1559.48475055,     37.32664112,    760.93897013
AS15_000055962,FREE,2,0,  0.41,     25.94059105,      3.77593383,   1735.13157122,     51.07745490,     38.57984767,     67.36207471,    831.90372539,  -1237.75438028,   -411.44175158,   1556.92667060,    102.75412667,    759.01416407
AS15_000055985,FREE,2,0,  0.08,     24.82845953,      2.59192577,   1735.22215593,     54.70000489,     41.79686837,     71.51827040,    742.12910919,  -1432.98027502,   -201.33739336,   1573.22274072,     71.21746943,    728.62487644
AS15_000055999,FREE,2,0,  0.10,     25.66337603,      4.09921882,   1736.20030838,     51.75619971,     40.81759870,     66.34505125,    783.35975629,  -1227.85937843,   -470.18449550,   1560.92768204,    111.86729624,    751.91887215
AS15_000056000,FREE,2,0,  0.15,     27.38510643,      4.56787399,   1735.28151500,     61.05189360,     48.78090336,     74.77064381,    956.50390905,  -1196.89340426,    -94.45513354,   1535.92304446,    122.71069879,    798.17568379
AS15_000056003,FREE,2,0,  0.13,     28.28867622,      3.19601203,   1735.63754163,     67.56558101,     49.02522601,     83.86461953,   1274.80877522,  -1237.92565354,    153.25421075,   1525.97501739,     85.20870423,    822.54325050
AS15_000056004,FREE,2,0,  0.40,     24.51471696,      2.39824683,   1735.51830990,     57.51251595,     44.70544018,     73.59286344,    773.88927798,  -1454.29157659,    -80.26136627,   1577.68644144,     66.07629403,    720.11333820
AS15_000056006,FREE,3,1,  0.36,     28.38783981,      2.89748910,   1735.71851998,     68.81530408,     50.09663722,     85.42746831,   1409.29109208,  -1571.47841206,    225.99506989,   1525.04534114,     77.18846017,    825.22568409
AS15_000056009,FREE,2,0,  0.38,     27.97205048,      1.41244414,   1735.96416769,     67.05230652,     54.46535140,     85.46428490,   1253.79556534,  -1549.97839430,    475.51343450,   1532.69692344,     37.79139482,    814.23801365
AS15_000056012,FREE,2,0,  0.12,     27.06824085,      0.79412198,   1735.82045574,     62.30338946,     56.04368033,     81.54904307,   1067.57579252,  -1651.86170279,    475.72242120,   1545.53920806,     21.42261192,    789.88751264
AS15_SocetPAN_01,CONSTRAINED,3,0,  0.15,     27.61843696,      2.19997488,   1735.84118249,     57.48176951,     45.67843740,     72.51950571,    211.60102395,    504.40324160,    363.55748575,   1536.91616121,     59.04168847,    804.70330139
AS15_SocetPAN_02,CONSTRAINED,3,0,  0.13,     27.65906552,      2.45155102,   1735.83528272,     57.22138490,     44.69948801,     72.05616007,    323.08510243,    334.63783402,    251.40772409,   1536.06640285,     65.76479026,    805.79099470
AS15_SocetPAN_03,CONSTRAINED,4,1,  0.21,     27.70885813,      3.22808284,   1735.66849288,     57.18089211,     42.99002772,     70.65281658,    201.55933339,    307.00665900,     29.36788327,   1534.18687817,     86.52869742,    807.04927023
AS15_SocetPAN_04,CONSTRAINED,5,2,  0.23,     27.91195838,      3.75840923,   1735.26994235,     59.79235167,     45.02918607,     72.25334880,    319.88105976,    194.74645609,    -57.05765215,   1530.10456063,    100.51388978,    812.30460069
AS15_SocetPAN_05,CONSTRAINED,4,2,  0.24,     27.65930771,      3.33253610,   1735.49059365,     57.06483906,     42.73268560,     70.03356464,    176.36166599,    430.51472535,    105.46864942,   1534.56547601,     89.35683608,    805.63748445
AS15_SocetPAN_06,CONSTRAINED,5,2,  0.12,     27.11709799,      4.54816558,   1734.94829480,     56.81550495,     41.91305480,     62.89766900,    158.50865128,    156.00504264,   -272.20519919,   1539.37450167,    122.45357473,    790.80772080
AS15_SocetPAN_07,CONSTRAINED,5,3,  0.41,     27.27759117,      4.55860503,   1735.13527113,     61.31277785,     47.67787382,     76.75526573,    190.16249967,    340.21658022,   -113.47887410,   1537.30363554,    122.57071968,    795.21592032
AS15_SocetPAN_09,CONSTRAINED,4,1,  0.18,     27.32090661,      4.19324109,   1735.39870482,     56.64594260,     41.39526500,     66.07656628,    268.89401008,    606.20452012,   -164.42018460,   1537.68739359,    112.73833331,    796.50248743
AS15_SocetPAN_10,CONSTRAINED,4,2,  0.15,     25.96583215,      3.55783002,   1735.55004170,     50.37399198,     37.33523096,     66.97402453,    -55.31501965,    589.03924675,   -166.70829610,   1557.34815632,     96.82934118,    759.88469254
AS15_SocetPAN_12,CONSTRAINED,3,1,  1.26,     25.21581868,      2.82120442,   1735.15528727,     51.99199697,     38.96765606,     69.17493087,   -190.65532026,    441.83660213,   -219.71272572,   1567.90878562,     77.26519387,    739.22662339
AS15_SocetPAN_13,CONSTRAINED,4,2,  0.20,     24.21796794,      4.15636988,   1737.13582315,     58.22294715,     46.17470570,     63.75401761,   -356.74137472,    190.71003150,   -615.17684696,   1580.08648705,    114.82465836,    712.58884314
AS15_SocetPAN_15,CONSTRAINED,6,4,  0.98,     25.13872279,      4.28374612,   1737.29999161,     54.50526399,     81.51840526,    106.66286973,     33.41587858,    630.50239736,   -254.88339144,   1568.35255824,    117.47759938,    738.02474726
AS15_SocetPAN_17,CONSTRAINED,3,1,  0.29,     24.76448288,      2.15310462,   1735.22273058,     55.23466381,     44.43485255,     65.76052407,   -169.60395017,    313.84218346,   -127.26942201,   1574.53459058,     59.19693281,    726.86619879
AS15_SocetPAN_20,CONSTRAINED,5,3,  0.05,     26.59367906,      2.46923916,   1735.44334553,     51.58606225,     38.99984698,     64.15621691,     64.98118700,    423.76006207,     35.34552504,   1550.39884742,     66.85793325,    776.88933330
AS15_SocetPAN_21,CONSTRAINED,4,2,  0.10,     25.09178470,      3.04247100,   1735.61605830,     51.77253343,     39.06984781,     59.72867342,   -612.54651942,    987.49914983,   -243.94169517,   1569.60975806,     83.42648997,    736.02196300
AS15_SocetPAN_22,CONSTRAINED,3,1,  0.14,     23.87115940,      2.68564142,   1735.97042341,     60.36928295,     49.32214906,     69.99586956,   -375.92226910,    360.75003823,   -267.32658531,   1585.72804556,     74.38276653,    702.51482586
AS15_SocetPAN_25,CONSTRAINED,3,0,  0.19,     26.05213689,      1.71401775,   1735.54983788,     53.04836190,     43.18192344,     65.57048869,     48.91263798,    363.52594469,    120.96288326,   1558.51127072,     46.63717215,    762.23410643
AS15_SocetPAN_26,CONSTRAINED,5,3,  0.09,     25.33934884,      1.70307184,   1735.46768246,     54.46166348,     48.74889362,     72.69521403,    -24.00799134,    250.50825218,     63.80745561,   1567.80347109,     46.61545064,    742.74312696
AS15_SocetPAN_28,CONSTRAINED,3,0,  0.11,     27.02882296,      2.01661007,   1735.57368397,     54.43269106,     43.24007294,     68.49458491,    162.07691667,    385.69622258,    197.68396533,   1545.05341087,     54.40291636,    788.71179319
AS15_SocetPAN_30,CONSTRAINED,5,2,  0.18,     24.72438463,      4.23648185,   1736.89704240,     54.93664040,     42.40635930,     58.31443053,   -215.24743939,    163.75428960,   -588.58260096,   1573.36535662,    116.54798543,    726.46359687
AS15_SocetPAN_31,CONSTRAINED,4,2,  0.17,     26.32842591,      3.57428606,   1735.29250195,     50.88663815,     36.33335544,     60.43425043,     38.61717431,    353.51834339,   -288.37305194,   1552.25921180,     96.96049094,    769.62982655
AS15_SocetPAN_32,CONSTRAINED,3,1,  0.18,     26.03323762,      3.67561714,   1735.23741117,     50.82859373,     36.06033020,     66.54409017,    -64.20830605,    312.67210901,   -304.96383234,   1555.97227062,     99.95530082,    761.58263111
AS15_SocetPAN_33,CONSTRAINED,2,0,  0.27,     26.36471543,      3.85844167,   1735.19830953,     52.14177415,     38.90597636,     68.76979755,     -0.43468897,    276.04627625,   -287.44047153,   1551.18838136,    104.61911846,    770.57291607
AS15_SocetPAN_34,CONSTRAINED,4,1,  0.20,     27.02472939,      3.63087951,   1735.81399304,     53.06258524,     38.30502406,     63.79471750,    234.49776497,    248.02948434,   -152.13196158,   1543.17753725,     97.92351578,    788.71052485
AS15_SocetPAN_35,CONSTRAINED,4,1,  0.10,     27.27401369,      3.29875759,   1735.44450664,     54.20988073,     39.74290580,     66.50591381,      9.71517319,    563.16537730,    -18.86835718,   1539.95090765,     88.75950729,    795.26133285
AS15_SocetPAN_36,CONSTRAINED,3,1,  0.21,     26.99055810,      2.80565235,   1735.51119400,     53.98282959,     40.37484603,     72.24775888,    106.32343858,    292.09692032,     31.81900319,   1544.62786946,     75.69765204,    787.65075692
AS15_SocetPAN_38,CONSTRAINED,2,0,  0.07,     25.92575925,      2.50963558,   1735.37565481,     50.61899123,     40.03009025,     69.10954099,    -43.47457809,    417.51431506,   -101.97018979,   1559.23278088,     68.34029534,    758.71694482
AS15_SocetPAN_39,CONSTRAINED,3,0,  0.03,     25.26178423,      2.63604861,   1735.22623180,     51.58593879,     39.12025731,     61.90912967,   -133.52001611,    402.64563812,   -156.26819977,   1567.62145717,     72.17363165,    740.51604265
AS15_SocetPAN_40,CONSTRAINED,2,0,  0.04,     25.77347933,      1.89114256,   1735.47334389,     52.54931152,     42.14712809,     64.41230173,    -21.92192146,    361.60171622,     83.59389442,   1561.97745756,     51.57439596,    754.60866090
AS15_SocetPAN_41,CONSTRAINED,3,0,  0.22,     24.32805059,      1.77791375,   1735.75379385,     59.20944179,     49.59521669,     69.95521593,   -206.70246903,    416.76357649,     65.04385383,   1580.86040629,     49.07055873,    715.06201757
AS15_SocetPAN_42,CONSTRAINED,3,1,  0.40,     24.29713270,      2.15716613,   1735.84829864,     59.61753956,     50.05010419,     74.99719541,   -322.06866318,    437.84804846,   -117.32635764,   1580.97239942,     59.55120049,    714.24732600
AS15_SocetPAN_44,CONSTRAINED,3,1,  0.10,     26.39550909,      1.69751834,   1735.59029535,     53.91191284,     43.87453533,     73.44284839,     -8.76709381,    379.33324833,    145.67035072,   1553.96685393,     46.05329308,    771.58264909
AS15_SocetPAN_45,FREE,4,2,  0.73,     25.53951604,      3.48755332,   1736.60061732,     50.19702874,     40.35220302,     67.78943156,    766.61700299,  -1392.37246182,   -599.63110181,   1564.01229555,     95.31806453,    748.70669158
AS15_Tie01,FREE,2,0,  0.14,     26.65134870,      8.75585546,   1733.77505265,     94.25306548,     87.20224185,     87.09961802,    948.70778598,   -831.32293957,  -1147.89097838,   1531.50724581,    235.88173638,    777.70257533
AS15_Tie02,FREE,3,1,  0.08,     28.05009244,      7.54279385,   1734.19559224,     86.59549145,     74.02969744,     82.64063266,   1201.01161590,   -876.83088229,   -691.58379050,   1517.24824433,    200.90249878,    815.49390139
AS15_Tie03,FREE,4,2,  0.16,     28.15539751,      5.61853945,   1735.88033696,     70.91610635,     55.85486193,     76.83711350,   1316.02552773,  -1075.84066442,   -386.89026928,   1523.12268214,    149.84108223,    819.10041478
AS15_Tie04,FREE,2,0,  0.22,     23.09043007,      7.44103241,   1734.10558017,     95.44176758,     82.14765804,     90.03241290,    917.89849652,  -1181.72783110,  -1247.61492740,   1581.74766062,    206.58513760,    680.08755481
AS15_Tie05,FREE,4,1,  0.21,     23.24142456,      5.80772062,   1735.54834181,     75.21543166,     65.22567421,     74.15148436,    727.28487927,  -1253.44601704,  -1118.38918612,   1586.52357131,    161.36918085,    684.85837359
AS15_Tie06,FREE,3,1,  0.38,     26.42957601,      7.25144364,   1736.10918317,     75.81891256,     64.44238015,     67.72572046,    911.79583094,   -971.67398438,   -900.61434454,   1542.22024660,    196.23468289,    772.73783140
AS15_Tie07,FREE,3,1,  0.81,     24.26212966,      7.20168099,   1733.95874648,     82.10799858,     73.64138072,     79.09898046,    790.01226692,  -1152.90007992,  -1140.50007679,   1568.33601806,    198.17366184,    712.50422364
AS15_Tie08,FREE,3,1,  0.35,     23.49786155,      2.01177542,   1739.81668989,     68.10673647,     55.04014390,     80.67381876,    926.14194292,  -1376.68139925,     69.70593531,   1594.55887576,     56.01133831,    693.69073523
AS15_Tie09,FREE,3,1,  0.54,     28.25269230,      1.99819480,   1735.91332604,     68.32303901,     52.21744697,     86.12035258,   1314.41521428,  -1516.27777909,    418.31851209,   1528.18154832,     53.31706887,    821.71377077
AS15_Tie11,FREE,3,1,  0.35,     23.53602521,      0.41546640,   1736.27026103,    111.11134258,     66.95464726,    148.23299990,    830.00059730,  -1665.66744026,    170.68342904,   1591.78665818,     11.54265586,    693.33716274
AS15_Tie12,FREE,4,2,  0.04,     24.81334739,      5.79899011,   1735.61420031,     64.72834272,     52.44011739,     62.46963698,    780.04689162,  -1206.60545263,   -776.92095239,   1567.31981364,    159.17463050,    728.37400496
AS15_Tie14,FREE,4,2,  0.17,     23.33109754,      4.54706126,   1736.72719911,     68.09150384,     57.01962866,     72.96735059,    748.02083661,  -1363.05657597,   -797.31799424,   1589.69843957,    126.42589025,    687.82027423
AS15_test01,FREE,6,4,  0.08,     27.31911974,      4.83567965,   1735.38419340,     59.75121199,     45.47423474,     66.46986658,   1101.65392577,  -1278.54879237,   -293.00832239,   1536.33856572,    129.97347070,    796.44774286
